solv_i_id,molefrac_i,T,ln_gamma_i,_source
solvent_261 / solvent_60,1 / 0,298.15,0 / 2.37,aci
solvent_261 / solvent_50,1 / 0,298.15,0 / 1.62,aci
solvent_261 / solvent_18,1 / 0,298.15,0 / 0.22,aci
solvent_261 / solvent_365,1 / 0,298.15,0 / 1.31,aci
solvent_261 / solvent_93,1 / 0,298.15,0 / 0.9,aci
solvent_192 / solvent_5,1 / 0,298.15,0 / 1.16,aci
solvent_192 / solvent_251,1 / 0,298.15,0 / 1.53,aci
solvent_192 / solvent_60,1 / 0,298.15,0 / 1.27,aci
solvent_192 / solvent_50,1 / 0,298.15,0 / 1.03,aci
solvent_192 / solvent_18,1 / 0,298.15,0 / -0.22,aci
solvent_192 / solvent_365,1 / 0,298.15,0 / 0.59,aci
solvent_192 / solvent_93,1 / 0,298.15,0 / 0.34,aci
solvent_192 / solvent_32,1 / 0,298.15,0 / -1.05,aci
solvent_832 / solvent_18,1 / 0,298.15,0 / 0.1,aci
solvent_832 / solvent_3,1 / 0,298.15,0 / 0.1,aci
solvent_832 / solvent_41,1 / 0,298.15,0 / 0.41,aci
solvent_71 / solvent_18,1 / 0,298.15,0 / 0.5,aci
solvent_71 / solvent_3,1 / 0,298.15,0 / 0.49,aci
solvent_51 / solvent_5,1 / 0,298.15,0 / 1.5,aci
solvent_51 / solvent_60,1 / 0,298.15,0 / 1.5,aci
solvent_51 / solvent_50,1 / 0,298.15,0 / 1.42,aci
solvent_51 / solvent_190,1 / 0,298.15,0 / 1.63,aci
solvent_51 / solvent_19,1 / 0,298.15,0 / 1.76,aci
solvent_51 / solvent_128,1 / 0,298.15,0 / 1.73,aci
solvent_51 / solvent_44,1 / 0,298.15,0 / 1.86,aci
solvent_51 / solvent_844,1 / 0,298.15,0 / 1.72,aci
solvent_51 / solvent_900,1 / 0,298.15,0 / 1.82,aci
solvent_51 / solvent_126,1 / 0,298.15,0 / 1.6,aci
solvent_51 / solvent_123,1 / 0,298.15,0 / 1.97,aci
solvent_51 / solvent_18,1 / 0,298.15,0 / 0.18,aci
solvent_743 / solvent_60,1 / 0,298.15,0 / 5.91,aci
solvent_743 / solvent_50,1 / 0,298.15,0 / 4.88,aci
solvent_743 / solvent_18,1 / 0,298.15,0 / 2.03,aci
solvent_743 / solvent_365,1 / 0,298.15,0 / 3.81,aci
solvent_743 / solvent_93,1 / 0,298.15,0 / 2.98,aci
solvent_568 / solvent_50,1 / 0,298.15,0 / 0.67,aci
solvent_899 / solvent_50,1 / 0,298.15,0 / 0.46,aci
solvent_168 / solvent_50,1 / 0,298.15,0 / 1.22,aci
solvent_242 / solvent_60,1 / 0,298.15,0 / 0.79,aci
solvent_242 / solvent_32,1 / 0,298.15,0 / 0.07,aci
solvent_839 / solvent_60,1 / 0,298.15,0 / 4.62,aci
solvent_839 / solvent_50,1 / 0,298.15,0 / 3.93,aci
solvent_839 / solvent_18,1 / 0,298.15,0 / 1.46,aci
solvent_839 / solvent_3,1 / 0,298.15,0 / 1.65,aci
solvent_839 / solvent_41,1 / 0,298.15,0 / 2.12,aci
solvent_839 / solvent_365,1 / 0,298.15,0 / 3.21,aci
solvent_839 / solvent_93,1 / 0,298.15,0 / 2.39,aci
solvent_243 / solvent_60,1 / 0,298.15,0 / 1.31,aci
solvent_243 / solvent_32,1 / 0,298.15,0 / 0.06,aci
solvent_845 / solvent_5,1 / 0,298.15,0 / 3.55,aci
solvent_845 / solvent_136,1 / 0,298.15,0 / 2.74,aci
solvent_845 / solvent_251,1 / 0,298.15,0 / 3.69,aci
solvent_845 / solvent_60,1 / 0,298.15,0 / 3.87,aci
solvent_845 / solvent_50,1 / 0,298.15,0 / 3.2,aci
solvent_845 / solvent_19,1 / 0,298.15,0 / 4.06,aci
solvent_845 / solvent_818,1 / 0,298.15,0 / 3.29,aci
solvent_845 / solvent_44,1 / 0,298.15,0 / 4.37,aci
solvent_845 / solvent_227,1 / 0,298.15,0 / 3.52,aci
solvent_845 / solvent_123,1 / 0,298.15,0 / 4.7,aci
solvent_845 / solvent_113,1 / 0,298.15,0 / 4.98,aci
solvent_845 / solvent_18,1 / 0,298.15,0 / 0.89,aci
solvent_845 / solvent_3,1 / 0,298.15,0 / 1.28,aci
solvent_845 / solvent_41,1 / 0,298.15,0 / 1.7,aci
solvent_845 / solvent_365,1 / 0,298.15,0 / 2.53,aci
solvent_845 / solvent_93,1 / 0,298.15,0 / 1.73,aci
solvent_845 / solvent_102,1 / 0,298.15,0 / 2.93,aci
solvent_845 / solvent_309,1 / 0,298.15,0 / 3.25,aci
solvent_845 / solvent_46,1 / 0,298.15,0 / 3.58,aci
solvent_845 / solvent_824,1 / 0,298.15,0 / 1.53,aci
solvent_845 / solvent_141,1 / 0,298.15,0 / 1.81,aci
solvent_845 / solvent_903,1 / 0,298.15,0 / 2.16,aci
solvent_877 / solvent_50,1 / 0,298.15,0 / 0.25,aci
solvent_877 / solvent_19,1 / 0,298.15,0 / 0.35,aci
solvent_112 / solvent_5,1 / 0,298.15,0 / 1.67,aci
solvent_112 / solvent_60,1 / 0,298.15,0 / 1.84,aci
solvent_112 / solvent_50,1 / 0,298.15,0 / 1.53,aci
solvent_112 / solvent_190,1 / 0,298.15,0 / 1.82,aci
solvent_112 / solvent_19,1 / 0,298.15,0 / 1.96,aci
solvent_112 / solvent_128,1 / 0,298.15,0 / 1.97,aci
solvent_112 / solvent_44,1 / 0,298.15,0 / 2.12,aci
solvent_112 / solvent_844,1 / 0,298.15,0 / 1.96,aci
solvent_112 / solvent_900,1 / 0,298.15,0 / 2.14,aci
solvent_112 / solvent_126,1 / 0,298.15,0 / 1.85,aci
solvent_112 / solvent_123,1 / 0,298.15,0 / 2.29,aci
solvent_112 / solvent_822,1 / 0,298.15,0 / 1.89,aci
solvent_112 / solvent_3,1 / 0,298.15,0 / 0.17,aci
solvent_112 / solvent_1,1 / 0,298.15,0 / 0.91,aci
solvent_112 / solvent_12,1 / 0,298.15,0 / 0.22,aci
solvent_112 / solvent_7,1 / 0,298.15,0 / 1.22,aci
solvent_837 / solvent_60,1 / 0,298.15,0 / 3.42,aci
solvent_837 / solvent_50,1 / 0,298.15,0 / 2.84,aci
solvent_837 / solvent_18,1 / 0,298.15,0 / 0.51,aci
solvent_837 / solvent_365,1 / 0,298.15,0 / 2.16,aci
solvent_837 / solvent_93,1 / 0,298.15,0 / 1.39,aci
solvent_894 / solvent_5,1 / 0,298.15,0 / 1.94,aci
solvent_894 / solvent_60,1 / 0,298.15,0 / 2.19,aci
solvent_894 / solvent_50,1 / 0,298.15,0 / 1.64,aci
solvent_894 / solvent_19,1 / 0,298.15,0 / 2.24,aci
solvent_894 / solvent_44,1 / 0,298.15,0 / 2.41,aci
solvent_894 / solvent_18,1 / 0,298.15,0 / -0.12,aci
solvent_894 / solvent_3,1 / 0,298.15,0 / 0.1,aci
solvent_894 / solvent_124,1 / 0,298.15,0 / 1.4,aci
solvent_894 / solvent_102,1 / 0,298.15,0 / 1.56,aci
solvent_894 / solvent_176,1 / 0,298.15,0 / 1.12,aci
solvent_894 / solvent_309,1 / 0,298.15,0 / 1.67,aci
solvent_894 / solvent_46,1 / 0,298.15,0 / 1.8,aci
solvent_894 / solvent_9,1 / 0,298.15,0 / 0.3,aci
solvent_894 / solvent_95,1 / 0,298.15,0 / 0.99,aci
solvent_894 / solvent_889,1 / 0,298.15,0 / 1.34,aci
solvent_894 / solvent_85,1 / 0,298.15,0 / 1.11,aci
solvent_894 / solvent_8,1 / 0,298.15,0 / 0.98,aci
solvent_894 / solvent_47,1 / 0,298.15,0 / 1.47,aci
solvent_894 / solvent_32,1 / 0,298.15,0 / 0.05,aci
solvent_894 / solvent_12,1 / 0,298.15,0 / 0.07,aci
solvent_894 / solvent_189,1 / 0,298.15,0 / 0.13,aci
solvent_894 / solvent_188,1 / 0,298.15,0 / 0.04,aci
solvent_846 / solvent_60,1 / 0,298.15,0 / 2.34,aci
solvent_846 / solvent_50,1 / 0,298.15,0 / 1.81,aci
solvent_846 / solvent_18,1 / 0,298.15,0 / 0.42,aci
solvent_846 / solvent_3,1 / 0,298.15,0 / 0.59,aci
solvent_846 / solvent_41,1 / 0,298.15,0 / 0.88,aci
solvent_846 / solvent_365,1 / 0,298.15,0 / 1.55,aci
solvent_846 / solvent_93,1 / 0,298.15,0 / 0.82,aci
solvent_27 / solvent_13,1 / 0,298.15,0 / 0.15,aci
solvent_27 / solvent_1,1 / 0,298.15,0 / -0.02,aci
solvent_27 / solvent_112,1 / 0,298.15,0 / 0.88,aci
solvent_27 / solvent_8,1 / 0,298.15,0 / 0.7,aci
solvent_27 / solvent_32,1 / 0,298.15,0 / 0.86,aci
solvent_27 / solvent_12,1 / 0,298.15,0 / 0.8,aci
solvent_27 / solvent_723,1 / 0,298.15,0 / 1.04,aci
solvent_27 / solvent_87,1 / 0,298.15,0 / 0.65,aci
solvent_27 / solvent_57,1 / 0,298.15,0 / 0.22,aci
solvent_27 / solvent_4,1 / 0,298.15,0 / 0.97,aci
solvent_27 / solvent_544,1 / 0,298.15,0 / 0.96,aci
solvent_27 / solvent_111,1 / 0,298.15,0 / 1.62,aci
solvent_27 / solvent_711,1 / 0,298.15,0 / 5.7,aci
solvent_27 / solvent_553,1 / 0,298.15,0 / 1.21,aci
solvent_27 / solvent_7,1 / 0,298.15,0 / -0.17,aci
solvent_27 / solvent_20,1 / 0,298.15,0 / 1.12,aci
solvent_97 / solvent_5,1 / 0,298.15,0 / 0.42,aci
solvent_97 / solvent_60,1 / 0,298.15,0 / 0.54,aci
solvent_97 / solvent_50,1 / 0,298.15,0 / 0.48,aci
solvent_97 / solvent_18,1 / 0,298.15,0 / 0.02,aci
solvent_97 / solvent_3,1 / 0,298.15,0 / 0.05,aci
solvent_97 / solvent_32,1 / 0,298.15,0 / 0.53,aci
solvent_800 / solvent_108,1 / 0,298.15,0 / -0.22,aci
solvent_207 / solvent_32,1 / 0,298.15,0 / 0.59,aci
solvent_230 / solvent_5,1 / 0,298.15,0 / -0.07,aci
solvent_230 / solvent_60,1 / 0,298.15,0 / -0.15,aci
solvent_230 / solvent_50,1 / 0,298.15,0 / -0.05,aci
solvent_230 / solvent_190,1 / 0,298.15,0 / 0,aci
solvent_230 / solvent_19,1 / 0,298.15,0 / 0,aci
solvent_230 / solvent_128,1 / 0,298.15,0 / 0.05,aci
solvent_230 / solvent_44,1 / 0,298.15,0 / 0.03,aci
solvent_230 / solvent_844,1 / 0,298.15,0 / 0.03,aci
solvent_230 / solvent_900,1 / 0,298.15,0 / 0.06,aci
solvent_230 / solvent_126,1 / 0,298.15,0 / 0,aci
solvent_230 / solvent_123,1 / 0,298.15,0 / 0.09,aci
solvent_309 / solvent_66,1 / 0,298.15,0 / 0.88,aci
solvent_309 / solvent_6,1 / 0,298.15,0 / 0.68,aci
solvent_309 / solvent_15,1 / 0,298.15,0 / 2.99,aci
solvent_309 / solvent_111,1 / 0,298.15,0 / 2.45,aci
solvent_309 / solvent_40,1 / 0,298.15,0 / 3.12,aci
solvent_193 / solvent_723,1 / 0,298.15,0 / 0.1,aci
solvent_193 / solvent_97,1 / 0,298.15,0 / 0.1,aci
solvent_102 / solvent_5,1 / 0,298.15,0 / 0.03,aci
solvent_102 / solvent_60,1 / 0,298.15,0 / 0.1,aci
solvent_102 / solvent_50,1 / 0,298.15,0 / 0.19,aci
solvent_102 / solvent_190,1 / 0,298.15,0 / 0.07,aci
solvent_102 / solvent_19,1 / 0,298.15,0 / 0.13,aci
solvent_102 / solvent_128,1 / 0,298.15,0 / 0.2,aci
solvent_102 / solvent_44,1 / 0,298.15,0 / 0.17,aci
solvent_102 / solvent_844,1 / 0,298.15,0 / 0.16,aci
solvent_102 / solvent_900,1 / 0,298.15,0 / 0.14,aci
solvent_102 / solvent_126,1 / 0,298.15,0 / 0.25,aci
solvent_102 / solvent_123,1 / 0,298.15,0 / 0.14,aci
solvent_848 / solvent_108,1 / 0,298.15,0 / -0.22,aci
solvent_90 / solvent_5,1 / 0,298.15,0 / 1.12,aci
solvent_90 / solvent_60,1 / 0,298.15,0 / 1.1,aci
solvent_90 / solvent_50,1 / 0,298.15,0 / 0.79,aci
solvent_90 / solvent_18,1 / 0,298.15,0 / 0.22,aci
solvent_90 / solvent_365,1 / 0,298.15,0 / 0.8,aci
solvent_90 / solvent_93,1 / 0,298.15,0 / 0.52,aci
solvent_313 / solvent_5,1 / 0,298.15,0 / 1.66,aci
solvent_313 / solvent_251,1 / 0,298.15,0 / 1.65,aci
solvent_313 / solvent_60,1 / 0,298.15,0 / 1.85,aci
solvent_313 / solvent_50,1 / 0,298.15,0 / 1.49,aci
solvent_313 / solvent_190,1 / 0,298.15,0 / 1.9,aci
solvent_313 / solvent_19,1 / 0,298.15,0 / 2.15,aci
solvent_313 / solvent_128,1 / 0,298.15,0 / 2.05,aci
solvent_313 / solvent_44,1 / 0,298.15,0 / 2.36,aci
solvent_313 / solvent_844,1 / 0,298.15,0 / 2.11,aci
solvent_313 / solvent_900,1 / 0,298.15,0 / 2.19,aci
solvent_313 / solvent_126,1 / 0,298.15,0 / 2.1,aci
solvent_313 / solvent_123,1 / 0,298.15,0 / 2.54,aci
solvent_313 / solvent_18,1 / 0,298.15,0 / 0.03,aci
solvent_313 / solvent_365,1 / 0,298.15,0 / 1.06,aci
solvent_313 / solvent_93,1 / 0,298.15,0 / 0.6,aci
solvent_74 / solvent_1,1 / 0,298.15,0 / 0.13,aci
solvent_74 / solvent_66,1 / 0,298.15,0 / 0.85,aci
solvent_74 / solvent_112,1 / 0,298.15,0 / 0.69,aci
solvent_74 / solvent_32,1 / 0,298.15,0 / 0.93,aci
solvent_74 / solvent_12,1 / 0,298.15,0 / 0.74,aci
solvent_74 / solvent_87,1 / 0,298.15,0 / 0.45,aci
solvent_74 / solvent_171,1 / 0,298.15,0 / 0.7,aci
solvent_74 / solvent_51,1 / 0,298.15,0 / 0.99,aci
solvent_74 / solvent_823,1 / 0,298.15,0 / 0.95,aci
solvent_74 / solvent_57,1 / 0,298.15,0 / 0,aci
solvent_74 / solvent_182,1 / 0,298.15,0 / 0.68,aci
solvent_74 / solvent_264,1 / 0,298.15,0 / 0.62,aci
solvent_74 / solvent_4,1 / 0,298.15,0 / 0.58,aci
solvent_74 / solvent_544,1 / 0,298.15,0 / 0.68,aci
solvent_74 / solvent_94,1 / 0,298.15,0 / 0.77,aci
solvent_74 / solvent_835,1 / 0,298.15,0 / 0.75,aci
solvent_74 / solvent_111,1 / 0,298.15,0 / 1.82,aci
solvent_74 / solvent_553,1 / 0,298.15,0 / 0.82,aci
solvent_74 / solvent_20,1 / 0,298.15,0 / 0.55,aci
solvent_46 / solvent_5,1 / 0,298.15,0 / -0.03,aci
solvent_46 / solvent_60,1 / 0,298.15,0 / 0.02,aci
solvent_46 / solvent_50,1 / 0,298.15,0 / 0.04,aci
solvent_46 / solvent_190,1 / 0,298.15,0 / 0.04,aci
solvent_46 / solvent_19,1 / 0,298.15,0 / 0.05,aci
solvent_46 / solvent_128,1 / 0,298.15,0 / 0.07,aci
solvent_46 / solvent_44,1 / 0,298.15,0 / 0.12,aci
solvent_46 / solvent_844,1 / 0,298.15,0 / 0.07,aci
solvent_46 / solvent_900,1 / 0,298.15,0 / 0.09,aci
solvent_46 / solvent_126,1 / 0,298.15,0 / 0.11,aci
solvent_46 / solvent_123,1 / 0,298.15,0 / 0.17,aci
solvent_17 / solvent_1,1 / 0,298.15,0 / 0.08,aci
solvent_17 / solvent_32,1 / 0,298.15,0 / 0.94,aci
solvent_17 / solvent_12,1 / 0,298.15,0 / 0.9,aci
solvent_17 / solvent_87,1 / 0,298.15,0 / 0.8,aci
solvent_17 / solvent_57,1 / 0,298.15,0 / 0.41,aci
solvent_22 / solvent_1,1 / 0,298.15,0 / -0.08,aci
solvent_22 / solvent_112,1 / 0,298.15,0 / 0.88,aci
solvent_22 / solvent_12,1 / 0,298.15,0 / 0.82,aci
solvent_22 / solvent_895,1 / 0,298.15,0 / 5.42,aci
solvent_22 / solvent_711,1 / 0,298.15,0 / 5.99,aci
solvent_22 / solvent_7,1 / 0,298.15,0 / -0.11,aci
solvent_868 / solvent_50,1 / 0,298.15,0 / 0.63,aci
solvent_868 / solvent_19,1 / 0,298.15,0 / 0.69,aci
solvent_49 / solvent_5,1 / 0,298.15,0 / -0.09,aci
solvent_49 / solvent_60,1 / 0,298.15,0 / -0.01,aci
solvent_49 / solvent_50,1 / 0,298.15,0 / 0.06,aci
solvent_49 / solvent_190,1 / 0,298.15,0 / -0.02,aci
solvent_49 / solvent_19,1 / 0,298.15,0 / 0.07,aci
solvent_49 / solvent_128,1 / 0,298.15,0 / 0.02,aci
solvent_49 / solvent_44,1 / 0,298.15,0 / 0.05,aci
solvent_49 / solvent_844,1 / 0,298.15,0 / 0.05,aci
solvent_49 / solvent_900,1 / 0,298.15,0 / 0.06,aci
solvent_49 / solvent_126,1 / 0,298.15,0 / 0.15,aci
solvent_49 / solvent_123,1 / 0,298.15,0 / 0.18,aci
solvent_49 / solvent_822,1 / 0,298.15,0 / 0.01,aci
solvent_49 / solvent_3,1 / 0,298.15,0 / 0.45,aci
solvent_49 / solvent_124,1 / 0,298.15,0 / -0.01,aci
solvent_49 / solvent_394,1 / 0,298.15,0 / -0.03,aci
solvent_49 / solvent_93,1 / 0,298.15,0 / -0.02,aci
solvent_49 / solvent_13,1 / 0,298.15,0 / 4.28,aci
solvent_49 / solvent_1,1 / 0,298.15,0 / 3.8,aci
solvent_49 / solvent_66,1 / 0,298.15,0 / 1.12,aci
solvent_49 / solvent_9,1 / 0,298.15,0 / 0.3,aci
solvent_49 / solvent_112,1 / 0,298.15,0 / 1.27,aci
solvent_49 / solvent_32,1 / 0,298.15,0 / 1.93,aci
solvent_49 / solvent_12,1 / 0,298.15,0 / 1.43,aci
solvent_49 / solvent_723,1 / 0,298.15,0 / 0.38,aci
solvent_49 / solvent_87,1 / 0,298.15,0 / 0.74,aci
solvent_49 / solvent_57,1 / 0,298.15,0 / 0.41,aci
solvent_49 / solvent_544,1 / 0,298.15,0 / 0.48,aci
solvent_49 / solvent_111,1 / 0,298.15,0 / 2.94,aci
solvent_49 / solvent_197,1 / 0,298.15,0 / 2.89,aci
solvent_49 / solvent_553,1 / 0,298.15,0 / 0.62,aci
solvent_49 / solvent_20,1 / 0,298.15,0 / 0.28,aci
solvent_450 / solvent_19,1 / 0,298.15,0 / 2.6,aci
solvent_135 / solvent_136,1 / 0,298.15,0 / 0.03,aci
solvent_816 / solvent_60,1 / 0,298.15,0 / 2.56,aci
solvent_816 / solvent_18,1 / 0,298.15,0 / 0.18,aci
solvent_28 / solvent_5,1 / 0,298.15,0 / 1.56,aci
solvent_28 / solvent_124,1 / 0,298.15,0 / 1.01,aci
solvent_860 / solvent_19,1 / 0,298.15,0 / 2.85,aci
solvent_181 / solvent_19,1 / 0,298.15,0 / 0.91,aci
solvent_181 / solvent_44,1 / 0,298.15,0 / 1.1,aci
solvent_23 / solvent_60,1 / 0,298.15,0 / 2.02,aci
solvent_23 / solvent_18,1 / 0,298.15,0 / 1.28,aci
solvent_12 / solvent_60,1 / 0,298.15,0 / 1.38,aci
solvent_12 / solvent_18,1 / 0,298.15,0 / 0.11,aci
solvent_12 / solvent_5,1 / 0,298.15,0 / 1.26,aci
solvent_12 / solvent_50,1 / 0,298.15,0 / 1.38,aci
solvent_12 / solvent_190,1 / 0,298.15,0 / 1.36,aci
solvent_12 / solvent_19,1 / 0,298.15,0 / 1.45,aci
solvent_12 / solvent_128,1 / 0,298.15,0 / 3,aci
solvent_12 / solvent_2,1 / 0,298.15,0 / 1.45,aci
solvent_12 / solvent_44,1 / 0,298.15,0 / 1.67,aci
solvent_12 / solvent_844,1 / 0,298.15,0 / 1.52,aci
solvent_12 / solvent_900,1 / 0,298.15,0 / 1.59,aci
solvent_12 / solvent_126,1 / 0,298.15,0 / 1.57,aci
solvent_12 / solvent_123,1 / 0,298.15,0 / 1.82,aci
solvent_12 / solvent_3,1 / 0,298.15,0 / 0.29,aci
solvent_12 / solvent_1,1 / 0,298.15,0 / 0.86,aci
solvent_12 / solvent_66,1 / 0,298.15,0 / 0.11,aci
solvent_12 / solvent_112,1 / 0,298.15,0 / 0.16,aci
solvent_12 / solvent_40,1 / 0,298.15,0 / 0.25,aci
solvent_12 / solvent_7,1 / 0,298.15,0 / 1,aci
solvent_570 / solvent_60,1 / 0,298.15,0 / 1.48,aci
solvent_570 / solvent_50,1 / 0,298.15,0 / 1.08,aci
solvent_570 / solvent_234,1 / 0,298.15,0 / 1.08,aci
solvent_570 / solvent_19,1 / 0,298.15,0 / 1.52,aci
solvent_570 / solvent_2,1 / 0,298.15,0 / 1.26,aci
solvent_570 / solvent_44,1 / 0,298.15,0 / 1.68,aci
solvent_570 / solvent_227,1 / 0,298.15,0 / 1.44,aci
solvent_570 / solvent_123,1 / 0,298.15,0 / 1.81,aci
solvent_570 / solvent_113,1 / 0,298.15,0 / 2.05,aci
solvent_570 / solvent_244,1 / 0,298.15,0 / 2.34,aci
solvent_570 / solvent_18,1 / 0,298.15,0 / 0.41,aci
solvent_570 / solvent_3,1 / 0,298.15,0 / 0.59,aci
solvent_570 / solvent_24,1 / 0,298.15,0 / 0.79,aci
solvent_570 / solvent_25,1 / 0,298.15,0 / 1.21,aci
solvent_570 / solvent_41,1 / 0,298.15,0 / 0.77,aci
solvent_570 / solvent_176,1 / 0,298.15,0 / 0.84,aci
solvent_570 / solvent_885,1 / 0,298.15,0 / 0.83,aci
solvent_570 / solvent_99,1 / 0,298.15,0 / 0.57,aci
solvent_570 / solvent_108,1 / 0,298.15,0 / 0.38,aci
solvent_570 / solvent_691,1 / 0,298.15,0 / 0.64,aci
solvent_570 / solvent_228,1 / 0,298.15,0 / 0.64,aci
solvent_570 / solvent_109,1 / 0,298.15,0 / 0.25,aci
solvent_564 / solvent_60,1 / 0,298.15,0 / 3.76,aci
solvent_564 / solvent_18,1 / 0,298.15,0 / 1.82,aci
solvent_571 / solvent_50,1 / 0,298.15,0 / 1.72,aci
solvent_643 / solvent_5,1 / 0,298.15,0 / 0.63,aci
solvent_643 / solvent_60,1 / 0,298.15,0 / 0.79,aci
solvent_643 / solvent_50,1 / 0,298.15,0 / 0.69,aci
solvent_643 / solvent_190,1 / 0,298.15,0 / 0.78,aci
solvent_643 / solvent_19,1 / 0,298.15,0 / 0.88,aci
solvent_643 / solvent_128,1 / 0,298.15,0 / 0.87,aci
solvent_643 / solvent_44,1 / 0,298.15,0 / 1,aci
solvent_643 / solvent_844,1 / 0,298.15,0 / 0.89,aci
solvent_643 / solvent_900,1 / 0,298.15,0 / 0.95,aci
solvent_643 / solvent_126,1 / 0,298.15,0 / 0.88,aci
solvent_643 / solvent_123,1 / 0,298.15,0 / 1.13,aci
solvent_802 / solvent_44,1 / 0,298.15,0 / 0.29,aci
solvent_575 / solvent_60,1 / 0,298.15,0 / 1.63,aci
solvent_575 / solvent_50,1 / 0,298.15,0 / 1.37,aci
solvent_575 / solvent_19,1 / 0,298.15,0 / 1.79,aci
solvent_575 / solvent_44,1 / 0,298.15,0 / 1.91,aci
solvent_575 / solvent_123,1 / 0,298.15,0 / 2.17,aci
solvent_575 / solvent_18,1 / 0,298.15,0 / 0.47,aci
solvent_575 / solvent_24,1 / 0,298.15,0 / 0.9,aci
solvent_575 / solvent_25,1 / 0,298.15,0 / 0.96,aci
solvent_575 / solvent_191,1 / 0,298.15,0 / 0.98,aci
solvent_575 / solvent_41,1 / 0,298.15,0 / 0.99,aci
solvent_575 / solvent_141,1 / 0,298.15,0 / 0.8,aci
solvent_575 / solvent_903,1 / 0,298.15,0 / 1.1,aci
solvent_575 / solvent_38,1 / 0,298.15,0 / 0.17,aci
solvent_575 / solvent_6,1 / 0,298.15,0 / 0.99,aci
solvent_575 / solvent_9,1 / 0,298.15,0 / 0.01,aci
solvent_575 / solvent_112,1 / 0,298.15,0 / 0.23,aci
solvent_575 / solvent_12,1 / 0,298.15,0 / 0.39,aci
solvent_575 / solvent_87,1 / 0,298.15,0 / -0.46,aci
solvent_575 / solvent_823,1 / 0,298.15,0 / 0.42,aci
solvent_575 / solvent_108,1 / 0,298.15,0 / 0.48,aci
solvent_575 / solvent_228,1 / 0,298.15,0 / 0.57,aci
solvent_575 / solvent_15,1 / 0,298.15,0 / 0.71,aci
solvent_575 / solvent_109,1 / 0,298.15,0 / 0.29,aci
solvent_842 / solvent_60,1 / 0,298.15,0 / 4.25,aci
solvent_842 / solvent_50,1 / 0,298.15,0 / 3.55,aci
solvent_842 / solvent_234,1 / 0,298.15,0 / 3.64,aci
solvent_842 / solvent_19,1 / 0,298.15,0 / 4.51,aci
solvent_842 / solvent_2,1 / 0,298.15,0 / 3.89,aci
solvent_842 / solvent_49,1 / 0,298.15,0 / 4.61,aci
solvent_842 / solvent_18,1 / 0,298.15,0 / 1.82,aci
solvent_842 / solvent_3,1 / 0,298.15,0 / 2.19,aci
solvent_576 / solvent_60,1 / 0,298.15,0 / 2.77,aci
solvent_576 / solvent_18,1 / 0,298.15,0 / 1.19,aci
solvent_576 / solvent_50,1 / 0,298.15,0 / 2.33,aci
solvent_63 / solvent_60,1 / 0,298.15,0 / 2.08,aci
solvent_63 / solvent_19,1 / 0,298.15,0 / 1.77,aci
solvent_63 / solvent_18,1 / 0,298.15,0 / 1.65,aci
solvent_149 / solvent_50,1 / 0,298.15,0 / 1.34,aci
solvent_62 / solvent_5,1 / 0,298.15,0 / 1.25,aci
solvent_62 / solvent_60,1 / 0,298.15,0 / 1.37,aci
solvent_62 / solvent_50,1 / 0,298.15,0 / 1.31,aci
solvent_62 / solvent_190,1 / 0,298.15,0 / 1.38,aci
solvent_62 / solvent_19,1 / 0,298.15,0 / 1.56,aci
solvent_62 / solvent_44,1 / 0,298.15,0 / 1.74,aci
solvent_62 / solvent_844,1 / 0,298.15,0 / 1.57,aci
solvent_62 / solvent_126,1 / 0,298.15,0 / 1.64,aci
solvent_62 / solvent_123,1 / 0,298.15,0 / 1.96,aci
solvent_62 / solvent_18,1 / 0,298.15,0 / 1.56,aci
solvent_62 / solvent_3,1 / 0,298.15,0 / 1.4,aci
solvent_62 / solvent_365,1 / 0,298.15,0 / 0.44,aci
solvent_62 / solvent_1,1 / 0,298.15,0 / -0.42,aci
solvent_62 / solvent_112,1 / 0,298.15,0 / 0.49,aci
solvent_62 / solvent_12,1 / 0,298.15,0 / 0.51,aci
solvent_62 / solvent_7,1 / 0,298.15,0 / 0.58,aci
solvent_855 / solvent_60,1 / 0,298.15,0 / 3.66,aci
solvent_855 / solvent_50,1 / 0,298.15,0 / 3.12,aci
solvent_855 / solvent_18,1 / 0,298.15,0 / 0.95,aci
solvent_855 / solvent_365,1 / 0,298.15,0 / 2.42,aci
solvent_855 / solvent_93,1 / 0,298.15,0 / 1.76,aci
solvent_910 / solvent_5,1 / 0,298.15,0 / 3.27,aci
solvent_910 / solvent_251,1 / 0,298.15,0 / 3.29,aci
solvent_910 / solvent_60,1 / 0,298.15,0 / 3.64,aci
solvent_910 / solvent_50,1 / 0,298.15,0 / 3,aci
solvent_910 / solvent_18,1 / 0,298.15,0 / 0.78,aci
solvent_910 / solvent_365,1 / 0,298.15,0 / 2.3,aci
solvent_910 / solvent_93,1 / 0,298.15,0 / 1.58,aci
solvent_647 / solvent_60,1 / 0,298.15,0 / 2.89,aci
solvent_647 / solvent_18,1 / 0,298.15,0 / 0.41,aci
solvent_366 / solvent_5,1 / 0,298.15,0 / 1.84,aci
solvent_366 / solvent_60,1 / 0,298.15,0 / 1.98,aci
solvent_366 / solvent_50,1 / 0,298.15,0 / 1.68,aci
solvent_366 / solvent_19,1 / 0,298.15,0 / 2.14,aci
solvent_366 / solvent_2,1 / 0,298.15,0 / 1.89,aci
solvent_366 / solvent_124,1 / 0,298.15,0 / 1.28,aci
solvent_366 / solvent_394,1 / 0,298.15,0 / 1.21,aci
solvent_366 / solvent_93,1 / 0,298.15,0 / 0.73,aci
solvent_366 / solvent_13,1 / 0,298.15,0 / 2.09,aci
solvent_366 / solvent_1,1 / 0,298.15,0 / 2.09,aci
solvent_366 / solvent_723,1 / 0,298.15,0 / 0.49,aci
solvent_366 / solvent_87,1 / 0,298.15,0 / -0.09,aci
solvent_366 / solvent_57,1 / 0,298.15,0 / -0.13,aci
solvent_366 / solvent_4,1 / 0,298.15,0 / 0.86,aci
solvent_366 / solvent_544,1 / 0,298.15,0 / 0.42,aci
solvent_366 / solvent_553,1 / 0,298.15,0 / 0.78,aci
solvent_366 / solvent_20,1 / 0,298.15,0 / 1.37,aci
solvent_189 / solvent_5,1 / 0,298.15,0 / 0.95,aci
solvent_189 / solvent_60,1 / 0,298.15,0 / 1.1,aci
solvent_189 / solvent_50,1 / 0,298.15,0 / 1.03,aci
solvent_189 / solvent_190,1 / 0,298.15,0 / 1.08,aci
solvent_189 / solvent_19,1 / 0,298.15,0 / 1.2,aci
solvent_189 / solvent_128,1 / 0,298.15,0 / 1.17,aci
solvent_189 / solvent_44,1 / 0,298.15,0 / 1.31,aci
solvent_189 / solvent_844,1 / 0,298.15,0 / 1.19,aci
solvent_189 / solvent_900,1 / 0,298.15,0 / 1.25,aci
solvent_189 / solvent_126,1 / 0,298.15,0 / 1.22,aci
solvent_189 / solvent_123,1 / 0,298.15,0 / 1.46,aci
solvent_38 / solvent_5,1 / 0,298.15,0 / 1.61,aci
solvent_38 / solvent_60,1 / 0,298.15,0 / 1.88,aci
solvent_38 / solvent_50,1 / 0,298.15,0 / 1.6,aci
solvent_38 / solvent_190,1 / 0,298.15,0 / 1.85,aci
solvent_38 / solvent_19,1 / 0,298.15,0 / 2.04,aci
solvent_38 / solvent_128,1 / 0,298.15,0 / 2.01,aci
solvent_38 / solvent_44,1 / 0,298.15,0 / 2.24,aci
solvent_38 / solvent_49,1 / 0,298.15,0 / 2.01,aci
solvent_38 / solvent_844,1 / 0,298.15,0 / 2.07,aci
solvent_38 / solvent_900,1 / 0,298.15,0 / 2.17,aci
solvent_38 / solvent_126,1 / 0,298.15,0 / 2.09,aci
solvent_38 / solvent_123,1 / 0,298.15,0 / 2.38,aci
solvent_38 / solvent_822,1 / 0,298.15,0 / 2.09,aci
solvent_38 / solvent_18,1 / 0,298.15,0 / 1.56,aci
solvent_38 / solvent_3,1 / 0,298.15,0 / 1.71,aci
solvent_38 / solvent_24,1 / 0,298.15,0 / 2.65,aci
solvent_38 / solvent_25,1 / 0,298.15,0 / 1.91,aci
solvent_38 / solvent_191,1 / 0,298.15,0 / 2.31,aci
solvent_38 / solvent_1,1 / 0,298.15,0 / -0.13,aci
solvent_38 / solvent_112,1 / 0,298.15,0 / 1.1,aci
solvent_38 / solvent_12,1 / 0,298.15,0 / 0.89,aci
solvent_810 / solvent_60,1 / 0,298.15,0 / 1.63,aci
solvent_810 / solvent_50,1 / 0,298.15,0 / 1.35,aci
solvent_810 / solvent_234,1 / 0,298.15,0 / 1.52,aci
solvent_810 / solvent_19,1 / 0,298.15,0 / 1.81,aci
solvent_810 / solvent_123,1 / 0,298.15,0 / 2.16,aci
solvent_810 / solvent_18,1 / 0,298.15,0 / 0.48,aci
solvent_810 / solvent_3,1 / 0,298.15,0 / 0.71,aci
solvent_810 / solvent_24,1 / 0,298.15,0 / 1,aci
solvent_810 / solvent_25,1 / 0,298.15,0 / 0.95,aci
solvent_810 / solvent_191,1 / 0,298.15,0 / 0.92,aci
solvent_810 / solvent_41,1 / 0,298.15,0 / 0.94,aci
solvent_810 / solvent_885,1 / 0,298.15,0 / 1.25,aci
solvent_810 / solvent_141,1 / 0,298.15,0 / 0.81,aci
solvent_810 / solvent_38,1 / 0,298.15,0 / 0.39,aci
solvent_810 / solvent_9,1 / 0,298.15,0 / 0.03,aci
solvent_810 / solvent_112,1 / 0,298.15,0 / 0.42,aci
solvent_810 / solvent_12,1 / 0,298.15,0 / 0.43,aci
solvent_810 / solvent_87,1 / 0,298.15,0 / -0.36,aci
solvent_810 / solvent_823,1 / 0,298.15,0 / 0.38,aci
solvent_810 / solvent_108,1 / 0,298.15,0 / 0.48,aci
solvent_810 / solvent_228,1 / 0,298.15,0 / 0.58,aci
solvent_810 / solvent_15,1 / 0,298.15,0 / 0.78,aci
solvent_810 / solvent_109,1 / 0,298.15,0 / 0.34,aci
solvent_873 / solvent_60,1 / 0,298.15,0 / 0.57,aci
solvent_873 / solvent_19,1 / 0,298.15,0 / 1.11,aci
solvent_873 / solvent_44,1 / 0,298.15,0 / 1.37,aci
solvent_805 / solvent_44,1 / 0,298.15,0 / 0.35,aci
solvent_212 / solvent_5,1 / 0,298.15,0 / 0.54,aci
solvent_212 / solvent_60,1 / 0,298.15,0 / 1.39,aci
solvent_212 / solvent_50,1 / 0,298.15,0 / 1.11,aci
solvent_212 / solvent_190,1 / 0,298.15,0 / 1.25,aci
solvent_212 / solvent_19,1 / 0,298.15,0 / 1.44,aci
solvent_212 / solvent_128,1 / 0,298.15,0 / 1.39,aci
solvent_212 / solvent_44,1 / 0,298.15,0 / 1.59,aci
solvent_212 / solvent_844,1 / 0,298.15,0 / 1.47,aci
solvent_212 / solvent_123,1 / 0,298.15,0 / 1.84,aci
solvent_212 / solvent_822,1 / 0,298.15,0 / 1.52,aci
solvent_212 / solvent_3,1 / 0,298.15,0 / 1.09,aci
solvent_212 / solvent_1,1 / 0,298.15,0 / -0.13,aci
solvent_212 / solvent_112,1 / 0,298.15,0 / 0.74,aci
solvent_212 / solvent_12,1 / 0,298.15,0 / 0.6,aci
solvent_212 / solvent_7,1 / 0,298.15,0 / -0.42,aci
solvent_827 / solvent_60,1 / 0,298.15,0 / 3.39,aci
solvent_827 / solvent_50,1 / 0,298.15,0 / 2.83,aci
solvent_827 / solvent_234,1 / 0,298.15,0 / 2.84,aci
solvent_827 / solvent_19,1 / 0,298.15,0 / 3.67,aci
solvent_827 / solvent_2,1 / 0,298.15,0 / 3.11,aci
solvent_827 / solvent_49,1 / 0,298.15,0 / 3.74,aci
solvent_827 / solvent_18,1 / 0,298.15,0 / 0.53,aci
solvent_827 / solvent_3,1 / 0,298.15,0 / 0.83,aci
solvent_107 / solvent_5,1 / 0,298.15,0 / 0.94,aci
solvent_107 / solvent_124,1 / 0,298.15,0 / 0.58,aci
solvent_484 / solvent_60,1 / 0,298.15,0 / 2.04,aci
solvent_84 / solvent_5,1 / 0,298.15,0 / 2.46,aci
solvent_84 / solvent_60,1 / 0,298.15,0 / 2.79,aci
solvent_84 / solvent_50,1 / 0,298.15,0 / 2.88,aci
solvent_84 / solvent_190,1 / 0,298.15,0 / 2.78,aci
solvent_84 / solvent_19,1 / 0,298.15,0 / 3.14,aci
solvent_84 / solvent_128,1 / 0,298.15,0 / 2.96,aci
solvent_84 / solvent_44,1 / 0,298.15,0 / 3.37,aci
solvent_84 / solvent_844,1 / 0,298.15,0 / 3.06,aci
solvent_84 / solvent_900,1 / 0,298.15,0 / 3.25,aci
solvent_84 / solvent_126,1 / 0,298.15,0 / 3.12,aci
solvent_84 / solvent_123,1 / 0,298.15,0 / 3.63,aci
solvent_84 / solvent_18,1 / 0,298.15,0 / 1.34,aci
solvent_32 / solvent_60,1 / 0,298.15,0 / 1.81,aci
solvent_32 / solvent_18,1 / 0,298.15,0 / 0.51,aci
solvent_32 / solvent_5,1 / 0,298.15,0 / 1.65,aci
solvent_32 / solvent_50,1 / 0,298.15,0 / 1.84,aci
solvent_32 / solvent_190,1 / 0,298.15,0 / 1.88,aci
solvent_32 / solvent_19,1 / 0,298.15,0 / 2.12,aci
solvent_32 / solvent_128,1 / 0,298.15,0 / 2.04,aci
solvent_32 / solvent_44,1 / 0,298.15,0 / 2.35,aci
solvent_32 / solvent_844,1 / 0,298.15,0 / 2.14,aci
solvent_32 / solvent_900,1 / 0,298.15,0 / 2.24,aci
solvent_32 / solvent_126,1 / 0,298.15,0 / 2.21,aci
solvent_32 / solvent_123,1 / 0,298.15,0 / 2.54,aci
solvent_32 / solvent_822,1 / 0,298.15,0 / 2.16,aci
solvent_32 / solvent_3,1 / 0,298.15,0 / 0.64,aci
solvent_32 / solvent_124,1 / 0,298.15,0 / 1.15,aci
solvent_32 / solvent_13,1 / 0,298.15,0 / 0.61,aci
solvent_32 / solvent_1,1 / 0,298.15,0 / 0.85,aci
solvent_32 / solvent_112,1 / 0,298.15,0 / 0.28,aci
solvent_32 / solvent_12,1 / 0,298.15,0 / 0.06,aci
solvent_32 / solvent_57,1 / 0,298.15,0 / -0.71,aci
solvent_32 / solvent_4,1 / 0,298.15,0 / 0.86,aci
solvent_32 / solvent_553,1 / 0,298.15,0 / 0.82,aci
solvent_32 / solvent_7,1 / 0,298.15,0 / 1.42,aci
solvent_32 / solvent_20,1 / 0,298.15,0 / 1.48,aci
solvent_15 / solvent_5,1 / 0,298.15,0 / 2.96,aci
solvent_15 / solvent_136,1 / 0,298.15,0 / 2.75,aci
solvent_15 / solvent_251,1 / 0,298.15,0 / 2.76,aci
solvent_15 / solvent_60,1 / 0,298.15,0 / 3.27,aci
solvent_15 / solvent_50,1 / 0,298.15,0 / 3.08,aci
solvent_15 / solvent_190,1 / 0,298.15,0 / 3.22,aci
solvent_15 / solvent_132,1 / 0,298.15,0 / 3.17,aci
solvent_15 / solvent_135,1 / 0,298.15,0 / 3.27,aci
solvent_15 / solvent_815,1 / 0,298.15,0 / 3.12,aci
solvent_15 / solvent_19,1 / 0,298.15,0 / 3.63,aci
solvent_15 / solvent_887,1 / 0,298.15,0 / 3.7,aci
solvent_15 / solvent_866,1 / 0,298.15,0 / 3.56,aci
solvent_15 / solvent_128,1 / 0,298.15,0 / 3.57,aci
solvent_15 / solvent_892,1 / 0,298.15,0 / 3.61,aci
solvent_15 / solvent_2,1 / 0,298.15,0 / 3.47,aci
solvent_15 / solvent_44,1 / 0,298.15,0 / 4,aci
solvent_15 / solvent_49,1 / 0,298.15,0 / 3.68,aci
solvent_15 / solvent_126,1 / 0,298.15,0 / 3.71,aci
solvent_15 / solvent_123,1 / 0,298.15,0 / 4.4,aci
solvent_15 / solvent_18,1 / 0,298.15,0 / 1.07,aci
solvent_15 / solvent_3,1 / 0,298.15,0 / 1.47,aci
solvent_15 / solvent_24,1 / 0,298.15,0 / 1.89,aci
solvent_15 / solvent_25,1 / 0,298.15,0 / 1.89,aci
solvent_15 / solvent_191,1 / 0,298.15,0 / 1.81,aci
solvent_15 / solvent_41,1 / 0,298.15,0 / 1.8,aci
solvent_15 / solvent_124,1 / 0,298.15,0 / 2.03,aci
solvent_15 / solvent_799,1 / 0,298.15,0 / 2.62,aci
solvent_15 / solvent_102,1 / 0,298.15,0 / 2.6,aci
solvent_15 / solvent_176,1 / 0,298.15,0 / 2.49,aci
solvent_15 / solvent_309,1 / 0,298.15,0 / 3.04,aci
solvent_15 / solvent_46,1 / 0,298.15,0 / 3.37,aci
solvent_15 / solvent_234,1 / 0,298.15,0 / 3.13,aci
solvent_15 / solvent_821,1 / 0,298.15,0 / 3.55,aci
solvent_15 / solvent_240,1 / 0,298.15,0 / 3.14,aci
solvent_15 / solvent_844,1 / 0,298.15,0 / 3.65,aci
solvent_15 / solvent_900,1 / 0,298.15,0 / 3.85,aci
solvent_15 / solvent_822,1 / 0,298.15,0 / 3.71,aci
solvent_15 / solvent_1,1 / 0,298.15,0 / 1.38,aci
solvent_15 / solvent_22,1 / 0,298.15,0 / 1.87,aci
solvent_15 / solvent_38,1 / 0,298.15,0 / 1.61,aci
solvent_15 / solvent_27,1 / 0,298.15,0 / 2.1,aci
solvent_15 / solvent_101,1 / 0,298.15,0 / 0.95,aci
solvent_15 / solvent_172,1 / 0,298.15,0 / 1.26,aci
solvent_15 / solvent_104,1 / 0,298.15,0 / 1.57,aci
solvent_15 / solvent_112,1 / 0,298.15,0 / 0.31,aci
solvent_15 / solvent_32,1 / 0,298.15,0 / 0.04,aci
solvent_15 / solvent_12,1 / 0,298.15,0 / 0.2,aci
solvent_15 / solvent_87,1 / 0,298.15,0 / -0.04,aci
solvent_15 / solvent_57,1 / 0,298.15,0 / 0.25,aci
solvent_185 / solvent_60,1 / 0,298.15,0 / 1.83,aci
solvent_185 / solvent_18,1 / 0,298.15,0 / 0.19,aci
solvent_185 / solvent_5,1 / 0,298.15,0 / 1.68,aci
solvent_185 / solvent_50,1 / 0,298.15,0 / 1.48,aci
solvent_185 / solvent_190,1 / 0,298.15,0 / 1.84,aci
solvent_185 / solvent_19,1 / 0,298.15,0 / 1.94,aci
solvent_185 / solvent_128,1 / 0,298.15,0 / 2.03,aci
solvent_185 / solvent_2,1 / 0,298.15,0 / 1.51,aci
solvent_185 / solvent_44,1 / 0,298.15,0 / 2.08,aci
solvent_185 / solvent_844,1 / 0,298.15,0 / 2.01,aci
solvent_185 / solvent_900,1 / 0,298.15,0 / 2.24,aci
solvent_185 / solvent_126,1 / 0,298.15,0 / 1.77,aci
solvent_185 / solvent_123,1 / 0,298.15,0 / 2.26,aci
solvent_185 / solvent_822,1 / 0,298.15,0 / 2.07,aci
solvent_185 / solvent_3,1 / 0,298.15,0 / 0.23,aci
solvent_185 / solvent_124,1 / 0,298.15,0 / 1.3,aci
solvent_185 / solvent_365,1 / 0,298.15,0 / 1.12,aci
solvent_185 / solvent_394,1 / 0,298.15,0 / 1.02,aci
solvent_185 / solvent_93,1 / 0,298.15,0 / 0.68,aci
solvent_28 / solvent_60,1 / 0,298.15,0 / 1.43,aci
solvent_28 / solvent_50,1 / 0,298.15,0 / 1.37,aci
solvent_28 / solvent_18,1 / 0,298.15,0 / 0.22,aci
solvent_28 / solvent_3,1 / 0,298.15,0 / 0.31,aci
solvent_665 / solvent_5,1 / 0,298.15,0 / 1.77,aci
solvent_665 / solvent_124,1 / 0,298.15,0 / 1.24,aci
solvent_198 / solvent_60,1 / 0,298.15,0 / 3.21,aci
solvent_198 / solvent_18,1 / 0,298.15,0 / 0.78,aci
solvent_198 / solvent_5,1 / 0,298.15,0 / 2.68,aci
solvent_198 / solvent_50,1 / 0,298.15,0 / 2.46,aci
solvent_198 / solvent_190,1 / 0,298.15,0 / 3.02,aci
solvent_198 / solvent_19,1 / 0,298.15,0 / 3.29,aci
solvent_198 / solvent_128,1 / 0,298.15,0 / 3.32,aci
solvent_198 / solvent_2,1 / 0,298.15,0 / 2.82,aci
solvent_198 / solvent_44,1 / 0,298.15,0 / 3.6,aci
solvent_198 / solvent_49,1 / 0,298.15,0 / 3.61,aci
solvent_198 / solvent_844,1 / 0,298.15,0 / 3.4,aci
solvent_198 / solvent_126,1 / 0,298.15,0 / 2.98,aci
solvent_198 / solvent_123,1 / 0,298.15,0 / 3.9,aci
solvent_198 / solvent_822,1 / 0,298.15,0 / 3.55,aci
solvent_198 / solvent_3,1 / 0,298.15,0 / 1.04,aci
solvent_198 / solvent_124,1 / 0,298.15,0 / 2.3,aci
solvent_198 / solvent_365,1 / 0,298.15,0 / 2.2,aci
solvent_198 / solvent_394,1 / 0,298.15,0 / 2.12,aci
solvent_198 / solvent_93,1 / 0,298.15,0 / 1.61,aci
solvent_198 / solvent_13,1 / 0,298.15,0 / 0.86,aci
solvent_198 / solvent_1,1 / 0,298.15,0 / 0.88,aci
solvent_198 / solvent_66,1 / 0,298.15,0 / 0.36,aci
solvent_198 / solvent_112,1 / 0,298.15,0 / -0.97,aci
solvent_198 / solvent_32,1 / 0,298.15,0 / -0.22,aci
solvent_198 / solvent_12,1 / 0,298.15,0 / -0.49,aci
solvent_198 / solvent_723,1 / 0,298.15,0 / 1.07,aci
solvent_198 / solvent_99,1 / 0,298.15,0 / 1.55,aci
solvent_198 / solvent_87,1 / 0,298.15,0 / 0.34,aci
solvent_198 / solvent_57,1 / 0,298.15,0 / 0.4,aci
solvent_198 / solvent_4,1 / 0,298.15,0 / 1.54,aci
solvent_198 / solvent_544,1 / 0,298.15,0 / 0.75,aci
solvent_198 / solvent_553,1 / 0,298.15,0 / 1.02,aci
solvent_198 / solvent_20,1 / 0,298.15,0 / 1.24,aci
solvent_436 / solvent_5,1 / 0,298.15,0 / 1.17,aci
solvent_436 / solvent_60,1 / 0,298.15,0 / 1.33,aci
solvent_436 / solvent_50,1 / 0,298.15,0 / 1.01,aci
solvent_436 / solvent_190,1 / 0,298.15,0 / 1.32,aci
solvent_436 / solvent_19,1 / 0,298.15,0 / 1.39,aci
solvent_436 / solvent_128,1 / 0,298.15,0 / 1.45,aci
solvent_436 / solvent_44,1 / 0,298.15,0 / 1.49,aci
solvent_436 / solvent_844,1 / 0,298.15,0 / 1.42,aci
solvent_436 / solvent_900,1 / 0,298.15,0 / 1.56,aci
solvent_436 / solvent_126,1 / 0,298.15,0 / 1.21,aci
solvent_436 / solvent_123,1 / 0,298.15,0 / 1.59,aci
solvent_436 / solvent_822,1 / 0,298.15,0 / 1.46,aci
solvent_436 / solvent_18,1 / 0,298.15,0 / 0.05,aci
solvent_436 / solvent_124,1 / 0,298.15,0 / 0.87,aci
solvent_436 / solvent_394,1 / 0,298.15,0 / 0.8,aci
solvent_436 / solvent_93,1 / 0,298.15,0 / 0.43,aci
solvent_436 / solvent_13,1 / 0,298.15,0 / 2.36,aci
solvent_436 / solvent_1,1 / 0,298.15,0 / 2.26,aci
solvent_436 / solvent_66,1 / 0,298.15,0 / 0.08,aci
solvent_436 / solvent_723,1 / 0,298.15,0 / 0.13,aci
solvent_436 / solvent_87,1 / 0,298.15,0 / -0.26,aci
solvent_436 / solvent_57,1 / 0,298.15,0 / -0.39,aci
solvent_436 / solvent_4,1 / 0,298.15,0 / 0.25,aci
solvent_436 / solvent_544,1 / 0,298.15,0 / 0.08,aci
solvent_436 / solvent_553,1 / 0,298.15,0 / 0.11,aci
solvent_436 / solvent_20,1 / 0,298.15,0 / 0.48,aci
solvent_18 / solvent_5,1 / 0,298.15,0 / 0.71,aci
solvent_18 / solvent_136,1 / 0,298.15,0 / 0.44,aci
solvent_18 / solvent_60,1 / 0,298.15,0 / 0.78,aci
solvent_18 / solvent_50,1 / 0,298.15,0 / 0.57,aci
solvent_18 / solvent_190,1 / 0,298.15,0 / 0.8,aci
solvent_18 / solvent_234,1 / 0,298.15,0 / 0.5,aci
solvent_18 / solvent_19,1 / 0,298.15,0 / 0.76,aci
solvent_18 / solvent_128,1 / 0,298.15,0 / 0.87,aci
solvent_18 / solvent_2,1 / 0,298.15,0 / 0.59,aci
solvent_18 / solvent_44,1 / 0,298.15,0 / 0.78,aci
solvent_18 / solvent_227,1 / 0,298.15,0 / 0.62,aci
solvent_18 / solvent_844,1 / 0,298.15,0 / 0.82,aci
solvent_18 / solvent_900,1 / 0,298.15,0 / 0.78,aci
solvent_18 / solvent_126,1 / 0,298.15,0 / 0.67,aci
solvent_18 / solvent_123,1 / 0,298.15,0 / 0.85,aci
solvent_18 / solvent_902,1 / 0,298.15,0 / 0.6,aci
solvent_18 / solvent_3,1 / 0,298.15,0 / -0.08,aci
solvent_18 / solvent_25,1 / 0,298.15,0 / 0.06,aci
solvent_18 / solvent_124,1 / 0,298.15,0 / 0.53,aci
solvent_18 / solvent_394,1 / 0,298.15,0 / 0.51,aci
solvent_18 / solvent_93,1 / 0,298.15,0 / 0.22,aci
solvent_18 / solvent_13,1 / 0,298.15,0 / 2.97,aci
solvent_18 / solvent_1,1 / 0,298.15,0 / 2.78,aci
solvent_18 / solvent_66,1 / 0,298.15,0 / 0.23,aci
solvent_18 / solvent_6,1 / 0,298.15,0 / 0.04,aci
solvent_18 / solvent_112,1 / 0,298.15,0 / -0.03,aci
solvent_18 / solvent_32,1 / 0,298.15,0 / 0.52,aci
solvent_18 / solvent_12,1 / 0,298.15,0 / 0.2,aci
solvent_18 / solvent_723,1 / 0,298.15,0 / 0.06,aci
solvent_18 / solvent_99,1 / 0,298.15,0 / 0.23,aci
solvent_18 / solvent_87,1 / 0,298.15,0 / -0.08,aci
solvent_18 / solvent_57,1 / 0,298.15,0 / -0.21,aci
solvent_18 / solvent_4,1 / 0,298.15,0 / 0.12,aci
solvent_18 / solvent_544,1 / 0,298.15,0 / 0.01,aci
solvent_18 / solvent_111,1 / 0,298.15,0 / 0.64,aci
solvent_18 / solvent_455,1 / 0,298.15,0 / 0.29,aci
solvent_18 / solvent_40,1 / 0,298.15,0 / 1.25,aci
solvent_18 / solvent_553,1 / 0,298.15,0 / 0.11,aci
solvent_18 / solvent_7,1 / 0,298.15,0 / 0.26,aci
solvent_18 / solvent_20,1 / 0,298.15,0 / 0.39,aci
solvent_18 / solvent_55,1 / 0,298.15,0 / 4.65,aci
solvent_439 / solvent_5,1 / 0,298.15,0 / 1.62,aci
solvent_439 / solvent_60,1 / 0,298.15,0 / 1.8,aci
solvent_439 / solvent_50,1 / 0,298.15,0 / 1.54,aci
solvent_439 / solvent_190,1 / 0,298.15,0 / 1.84,aci
solvent_439 / solvent_19,1 / 0,298.15,0 / 1.94,aci
solvent_439 / solvent_128,1 / 0,298.15,0 / 2.03,aci
solvent_439 / solvent_44,1 / 0,298.15,0 / 2.08,aci
solvent_439 / solvent_844,1 / 0,298.15,0 / 2.04,aci
solvent_439 / solvent_900,1 / 0,298.15,0 / 2.22,aci
solvent_439 / solvent_126,1 / 0,298.15,0 / 1.85,aci
solvent_439 / solvent_123,1 / 0,298.15,0 / 2.26,aci
solvent_439 / solvent_822,1 / 0,298.15,0 / 2.12,aci
solvent_439 / solvent_18,1 / 0,298.15,0 / 0.22,aci
solvent_439 / solvent_3,1 / 0,298.15,0 / 0.27,aci
solvent_439 / solvent_124,1 / 0,298.15,0 / 1.26,aci
solvent_439 / solvent_365,1 / 0,298.15,0 / 1.08,aci
solvent_439 / solvent_394,1 / 0,298.15,0 / 1.11,aci
solvent_439 / solvent_93,1 / 0,298.15,0 / 0.73,aci
solvent_439 / solvent_13,1 / 0,298.15,0 / 1.53,aci
solvent_439 / solvent_1,1 / 0,298.15,0 / 1.52,aci
solvent_439 / solvent_112,1 / 0,298.15,0 / -0.2,aci
solvent_439 / solvent_12,1 / 0,298.15,0 / -0.13,aci
solvent_439 / solvent_87,1 / 0,298.15,0 / -0.36,aci
solvent_439 / solvent_544,1 / 0,298.15,0 / 0.28,aci
solvent_439 / solvent_553,1 / 0,298.15,0 / 0.45,aci
solvent_439 / solvent_20,1 / 0,298.15,0 / 0.83,aci
solvent_849 / solvent_60,1 / 0,298.15,0 / 1.66,aci
solvent_849 / solvent_50,1 / 0,298.15,0 / 1.24,aci
solvent_849 / solvent_18,1 / 0,298.15,0 / 0.04,aci
solvent_849 / solvent_872,1 / 0,298.15,0 / 0.78,aci
solvent_849 / solvent_93,1 / 0,298.15,0 / 0.52,aci
solvent_849 / solvent_66,1 / 0,298.15,0 / 0,aci
solvent_849 / solvent_32,1 / 0,298.15,0 / 0.11,aci
solvent_849 / solvent_723,1 / 0,298.15,0 / 0.2,aci
solvent_849 / solvent_99,1 / 0,298.15,0 / 0.52,aci
solvent_849 / solvent_51,1 / 0,298.15,0 / -0.34,aci
solvent_849 / solvent_57,1 / 0,298.15,0 / -0.67,aci
solvent_849 / solvent_4,1 / 0,298.15,0 / 0.34,aci
solvent_849 / solvent_544,1 / 0,298.15,0 / 0.02,aci
solvent_849 / solvent_15,1 / 0,298.15,0 / 0.41,aci
solvent_849 / solvent_256,1 / 0,298.15,0 / 0.12,aci
solvent_849 / solvent_553,1 / 0,298.15,0 / 0.28,aci
solvent_237 / solvent_5,1 / 0,298.15,0 / 2.36,aci
solvent_237 / solvent_136,1 / 0,298.15,0 / 1.77,aci
solvent_237 / solvent_60,1 / 0,298.15,0 / 2.59,aci
solvent_237 / solvent_50,1 / 0,298.15,0 / 2.06,aci
solvent_237 / solvent_190,1 / 0,298.15,0 / 2.58,aci
solvent_237 / solvent_234,1 / 0,298.15,0 / 2.09,aci
solvent_237 / solvent_19,1 / 0,298.15,0 / 2.81,aci
solvent_237 / solvent_128,1 / 0,298.15,0 / 2.85,aci
solvent_237 / solvent_44,1 / 0,298.15,0 / 3,aci
solvent_237 / solvent_844,1 / 0,298.15,0 / 2.86,aci
solvent_237 / solvent_900,1 / 0,298.15,0 / 3.07,aci
solvent_237 / solvent_126,1 / 0,298.15,0 / 2.56,aci
solvent_237 / solvent_123,1 / 0,298.15,0 / 3.3,aci
solvent_237 / solvent_822,1 / 0,298.15,0 / 3.06,aci
solvent_237 / solvent_18,1 / 0,298.15,0 / 0.91,aci
solvent_237 / solvent_3,1 / 0,298.15,0 / 1,aci
solvent_237 / solvent_365,1 / 0,298.15,0 / 1.83,aci
solvent_237 / solvent_93,1 / 0,298.15,0 / 1.46,aci
solvent_237 / solvent_1,1 / 0,298.15,0 / 0.02,aci
solvent_237 / solvent_112,1 / 0,298.15,0 / -0.76,aci
solvent_237 / solvent_12,1 / 0,298.15,0 / -0.25,aci
solvent_211 / solvent_5,1 / 0,298.15,0 / 1.39,aci
solvent_211 / solvent_60,1 / 0,298.15,0 / 1.46,aci
solvent_211 / solvent_124,1 / 0,298.15,0 / 5.55,aci
solvent_211 / solvent_394,1 / 0,298.15,0 / 0.81,aci
solvent_211 / solvent_93,1 / 0,298.15,0 / 0.64,aci
solvent_211 / solvent_13,1 / 0,298.15,0 / 2.59,aci
solvent_211 / solvent_1,1 / 0,298.15,0 / 2.45,aci
solvent_211 / solvent_723,1 / 0,298.15,0 / 0.2,aci
solvent_211 / solvent_99,1 / 0,298.15,0 / 0.39,aci
solvent_211 / solvent_87,1 / 0,298.15,0 / -0.16,aci
solvent_211 / solvent_57,1 / 0,298.15,0 / -0.19,aci
solvent_211 / solvent_544,1 / 0,298.15,0 / 0.03,aci
solvent_211 / solvent_20,1 / 0,298.15,0 / 0.46,aci
solvent_713 / solvent_5,1 / 0,298.15,0 / 2.39,aci
solvent_713 / solvent_251,1 / 0,298.15,0 / 2.45,aci
solvent_713 / solvent_60,1 / 0,298.15,0 / 2.55,aci
solvent_713 / solvent_50,1 / 0,298.15,0 / 2.07,aci
solvent_713 / solvent_18,1 / 0,298.15,0 / 0.47,aci
solvent_713 / solvent_365,1 / 0,298.15,0 / 1.66,aci
solvent_713 / solvent_93,1 / 0,298.15,0 / 1.12,aci
solvent_850 / solvent_5,1 / 0,298.15,0 / 1.65,aci
solvent_850 / solvent_251,1 / 0,298.15,0 / 1.65,aci
solvent_850 / solvent_60,1 / 0,298.15,0 / 1.79,aci
solvent_850 / solvent_50,1 / 0,298.15,0 / 1.37,aci
solvent_850 / solvent_18,1 / 0,298.15,0 / 0.03,aci
solvent_850 / solvent_365,1 / 0,298.15,0 / 1.06,aci
solvent_850 / solvent_93,1 / 0,298.15,0 / 0.6,aci
solvent_861 / solvent_60,1 / 0,298.15,0 / 2.09,aci
solvent_861 / solvent_50,1 / 0,298.15,0 / 1.62,aci
solvent_861 / solvent_18,1 / 0,298.15,0 / 0.36,aci
solvent_861 / solvent_365,1 / 0,298.15,0 / 1.39,aci
solvent_861 / solvent_93,1 / 0,298.15,0 / 0.93,aci
solvent_898 / solvent_60,1 / 0,298.15,0 / 0.18,aci
solvent_898 / solvent_50,1 / 0,298.15,0 / 0.01,aci
solvent_898 / solvent_19,1 / 0,298.15,0 / 0.12,aci
solvent_898 / solvent_18,1 / 0,298.15,0 / 0.26,aci
solvent_898 / solvent_102,1 / 0,298.15,0 / 0.14,aci
solvent_898 / solvent_176,1 / 0,298.15,0 / -0.04,aci
solvent_898 / solvent_838,1 / 0,298.15,0 / 0.07,aci
solvent_898 / solvent_820,1 / 0,298.15,0 / -0.01,aci
solvent_898 / solvent_309,1 / 0,298.15,0 / 0.16,aci
solvent_898 / solvent_824,1 / 0,298.15,0 / 0.44,aci
solvent_898 / solvent_141,1 / 0,298.15,0 / 0.46,aci
solvent_682 / solvent_60,1 / 0,298.15,0 / 1.45,aci
solvent_682 / solvent_50,1 / 0,298.15,0 / 1.11,aci
solvent_682 / solvent_18,1 / 0,298.15,0 / 0.13,aci
solvent_682 / solvent_872,1 / 0,298.15,0 / 0.9,aci
solvent_682 / solvent_93,1 / 0,298.15,0 / 0.58,aci
solvent_682 / solvent_66,1 / 0,298.15,0 / 0.17,aci
solvent_682 / solvent_32,1 / 0,298.15,0 / 0.33,aci
solvent_682 / solvent_723,1 / 0,298.15,0 / 0.34,aci
solvent_682 / solvent_99,1 / 0,298.15,0 / 0.61,aci
solvent_682 / solvent_51,1 / 0,298.15,0 / 0.12,aci
solvent_682 / solvent_57,1 / 0,298.15,0 / -0.84,aci
solvent_682 / solvent_4,1 / 0,298.15,0 / 0.41,aci
solvent_682 / solvent_544,1 / 0,298.15,0 / 0.18,aci
solvent_682 / solvent_15,1 / 0,298.15,0 / 1.01,aci
solvent_682 / solvent_256,1 / 0,298.15,0 / 0.21,aci
solvent_682 / solvent_553,1 / 0,298.15,0 / 0.25,aci
solvent_228 / solvent_5,1 / 0,298.15,0 / 0.87,aci
solvent_228 / solvent_60,1 / 0,298.15,0 / 0.89,aci
solvent_228 / solvent_50,1 / 0,298.15,0 / 0.62,aci
solvent_228 / solvent_190,1 / 0,298.15,0 / 0.98,aci
solvent_228 / solvent_19,1 / 0,298.15,0 / 0.92,aci
solvent_228 / solvent_128,1 / 0,298.15,0 / 1.07,aci
solvent_228 / solvent_44,1 / 0,298.15,0 / 0.98,aci
solvent_228 / solvent_844,1 / 0,298.15,0 / 0.99,aci
solvent_228 / solvent_126,1 / 0,298.15,0 / 0.76,aci
solvent_228 / solvent_123,1 / 0,298.15,0 / 1.08,aci
solvent_228 / solvent_822,1 / 0,298.15,0 / 1.02,aci
solvent_881 / solvent_60,1 / 0,298.15,0 / 1.59,aci
solvent_881 / solvent_50,1 / 0,298.15,0 / 1.03,aci
solvent_881 / solvent_18,1 / 0,298.15,0 / 0.33,aci
solvent_881 / solvent_872,1 / 0,298.15,0 / 0.94,aci
solvent_881 / solvent_93,1 / 0,298.15,0 / 0.72,aci
solvent_881 / solvent_66,1 / 0,298.15,0 / 0.6,aci
solvent_881 / solvent_32,1 / 0,298.15,0 / 0.76,aci
solvent_881 / solvent_723,1 / 0,298.15,0 / 0.4,aci
solvent_881 / solvent_99,1 / 0,298.15,0 / 0.76,aci
solvent_881 / solvent_51,1 / 0,298.15,0 / 0.36,aci
solvent_881 / solvent_57,1 / 0,298.15,0 / 0.12,aci
solvent_881 / solvent_4,1 / 0,298.15,0 / 0.45,aci
solvent_881 / solvent_544,1 / 0,298.15,0 / 0.21,aci
solvent_881 / solvent_15,1 / 0,298.15,0 / 1.48,aci
solvent_881 / solvent_256,1 / 0,298.15,0 / 0.22,aci
solvent_881 / solvent_553,1 / 0,298.15,0 / 0.2,aci
solvent_6 / solvent_5,1 / 0,298.15,0 / 0.65,aci
solvent_6 / solvent_60,1 / 0,298.15,0 / 0.75,aci
solvent_6 / solvent_50,1 / 0,298.15,0 / 0.67,aci
solvent_6 / solvent_190,1 / 0,298.15,0 / 0.76,aci
solvent_6 / solvent_19,1 / 0,298.15,0 / 0.89,aci
solvent_6 / solvent_128,1 / 0,298.15,0 / 0.84,aci
solvent_6 / solvent_44,1 / 0,298.15,0 / 1.02,aci
solvent_6 / solvent_844,1 / 0,298.15,0 / 0.86,aci
solvent_6 / solvent_900,1 / 0,298.15,0 / 0.92,aci
solvent_6 / solvent_126,1 / 0,298.15,0 / 0.88,aci
solvent_6 / solvent_123,1 / 0,298.15,0 / 1.13,aci
solvent_6 / solvent_18,1 / 0,298.15,0 / 0.76,aci
solvent_6 / solvent_3,1 / 0,298.15,0 / -0.8,aci
solvent_6 / solvent_24,1 / 0,298.15,0 / -0.48,aci
solvent_6 / solvent_25,1 / 0,298.15,0 / -0.54,aci
solvent_6 / solvent_191,1 / 0,298.15,0 / -0.36,aci
solvent_6 / solvent_309,1 / 0,298.15,0 / 0.58,aci
solvent_6 / solvent_4,1 / 0,298.15,0 / -0.06,aci
solvent_840 / solvent_5,1 / 0,298.15,0 / 0.19,aci
solvent_840 / solvent_60,1 / 0,298.15,0 / 0.28,aci
solvent_840 / solvent_50,1 / 0,298.15,0 / -0.11,aci
solvent_840 / solvent_19,1 / 0,298.15,0 / 0.35,aci
solvent_840 / solvent_2,1 / 0,298.15,0 / -0.02,aci
solvent_840 / solvent_44,1 / 0,298.15,0 / 0.43,aci
solvent_840 / solvent_126,1 / 0,298.15,0 / 0.08,aci
solvent_840 / solvent_18,1 / 0,298.15,0 / -0.45,aci
solvent_840 / solvent_3,1 / 0,298.15,0 / -0.36,aci
solvent_840 / solvent_41,1 / 0,298.15,0 / -0.3,aci
solvent_840 / solvent_124,1 / 0,298.15,0 / -0.05,aci
solvent_840 / solvent_102,1 / 0,298.15,0 / 0.03,aci
solvent_840 / solvent_309,1 / 0,298.15,0 / 0.1,aci
solvent_840 / solvent_46,1 / 0,298.15,0 / 0.18,aci
solvent_441 / solvent_5,1 / 0,298.15,0 / 1.35,aci
solvent_441 / solvent_60,1 / 0,298.15,0 / 1.51,aci
solvent_441 / solvent_50,1 / 0,298.15,0 / 1.01,aci
solvent_441 / solvent_19,1 / 0,298.15,0 / 1.62,aci
solvent_441 / solvent_2,1 / 0,298.15,0 / 1.12,aci
solvent_441 / solvent_44,1 / 0,298.15,0 / 1.81,aci
solvent_441 / solvent_126,1 / 0,298.15,0 / 1.32,aci
solvent_441 / solvent_18,1 / 0,298.15,0 / -0.17,aci
solvent_441 / solvent_3,1 / 0,298.15,0 / -0.01,aci
solvent_441 / solvent_41,1 / 0,298.15,0 / 0.05,aci
solvent_441 / solvent_124,1 / 0,298.15,0 / 0.83,aci
solvent_441 / solvent_102,1 / 0,298.15,0 / 1.01,aci
solvent_441 / solvent_309,1 / 0,298.15,0 / 1.11,aci
solvent_441 / solvent_46,1 / 0,298.15,0 / 1.34,aci
solvent_455 / solvent_5,1 / 0,298.15,0 / 1.62,aci
solvent_455 / solvent_60,1 / 0,298.15,0 / 1.82,aci
solvent_455 / solvent_50,1 / 0,298.15,0 / 1.75,aci
solvent_455 / solvent_190,1 / 0,298.15,0 / 4.86,aci
solvent_455 / solvent_19,1 / 0,298.15,0 / 1.99,aci
solvent_455 / solvent_128,1 / 0,298.15,0 / 1.94,aci
solvent_455 / solvent_44,1 / 0,298.15,0 / 2.17,aci
solvent_455 / solvent_844,1 / 0,298.15,0 / 2,aci
solvent_455 / solvent_900,1 / 0,298.15,0 / 2.14,aci
solvent_455 / solvent_126,1 / 0,298.15,0 / 2.03,aci
solvent_455 / solvent_123,1 / 0,298.15,0 / 2.41,aci
solvent_455 / solvent_822,1 / 0,298.15,0 / 2.06,aci
solvent_455 / solvent_3,1 / 0,298.15,0 / 0.41,aci
solvent_455 / solvent_124,1 / 0,298.15,0 / 1.19,aci
solvent_455 / solvent_1,1 / 0,298.15,0 / 1.25,aci
solvent_455 / solvent_112,1 / 0,298.15,0 / 0.13,aci
solvent_455 / solvent_12,1 / 0,298.15,0 / -0.06,aci
solvent_20 / solvent_1,1 / 0,298.15,0 / 4.36,aci
solvent_20 / solvent_112,1 / 0,298.15,0 / 1.29,aci
solvent_20 / solvent_32,1 / 0,298.15,0 / 2.12,aci
solvent_20 / solvent_12,1 / 0,298.15,0 / 1.48,aci
solvent_108 / solvent_5,1 / 0,298.15,0 / 0.73,aci
solvent_108 / solvent_60,1 / 0,298.15,0 / 0.76,aci
solvent_108 / solvent_50,1 / 0,298.15,0 / 0.57,aci
solvent_108 / solvent_190,1 / 0,298.15,0 / 2.35,aci
solvent_108 / solvent_19,1 / 0,298.15,0 / 0.76,aci
solvent_108 / solvent_128,1 / 0,298.15,0 / 0.88,aci
solvent_108 / solvent_44,1 / 0,298.15,0 / 0.8,aci
solvent_108 / solvent_844,1 / 0,298.15,0 / 0.82,aci
solvent_108 / solvent_900,1 / 0,298.15,0 / 0.91,aci
solvent_108 / solvent_126,1 / 0,298.15,0 / 0.66,aci
solvent_108 / solvent_123,1 / 0,298.15,0 / 0.8,aci
solvent_108 / solvent_822,1 / 0,298.15,0 / 0.82,aci
solvent_108 / solvent_18,1 / 0,298.15,0 / 0.07,aci
solvent_57 / solvent_5,1 / 0,298.15,0 / 0.7,aci
solvent_57 / solvent_60,1 / 0,298.15,0 / 0.65,aci
solvent_57 / solvent_50,1 / 0,298.15,0 / 0.48,aci
solvent_57 / solvent_190,1 / 0,298.15,0 / 0.75,aci
solvent_57 / solvent_19,1 / 0,298.15,0 / 0.72,aci
solvent_57 / solvent_128,1 / 0,298.15,0 / 0.72,aci
solvent_57 / solvent_44,1 / 0,298.15,0 / 0.7,aci
solvent_57 / solvent_844,1 / 0,298.15,0 / 0.69,aci
solvent_57 / solvent_900,1 / 0,298.15,0 / 0.73,aci
solvent_57 / solvent_126,1 / 0,298.15,0 / 0.59,aci
solvent_57 / solvent_123,1 / 0,298.15,0 / 0.73,aci
solvent_57 / solvent_18,1 / 0,298.15,0 / -0.24,aci
solvent_57 / solvent_3,1 / 0,298.15,0 / -0.39,aci
solvent_57 / solvent_13,1 / 0,298.15,0 / 2.26,aci
solvent_57 / solvent_1,1 / 0,298.15,0 / 1.66,aci
solvent_57 / solvent_112,1 / 0,298.15,0 / -1.51,aci
solvent_57 / solvent_87,1 / 0,298.15,0 / 0.23,aci
solvent_57 / solvent_15,1 / 0,298.15,0 / 0.29,aci
solvent_57 / solvent_7,1 / 0,298.15,0 / -1.08,aci
solvent_896 / solvent_5,1 / 0,298.15,0 / 1.35,aci
solvent_896 / solvent_251,1 / 0,298.15,0 / 1.5,aci
solvent_896 / solvent_60,1 / 0,298.15,0 / 1.34,aci
solvent_896 / solvent_50,1 / 0,298.15,0 / 0.67,aci
solvent_896 / solvent_18,1 / 0,298.15,0 / 0.39,aci
solvent_896 / solvent_365,1 / 0,298.15,0 / 0.93,aci
solvent_896 / solvent_93,1 / 0,298.15,0 / 0.75,aci
solvent_472 / solvent_19,1 / 0,298.15,0 / 1.97,aci
solvent_886 / solvent_19,1 / 0,298.15,0 / 0.22,aci
solvent_818 / solvent_19,1 / 0,298.15,0 / 0.2,aci
solvent_818 / solvent_136,1 / 0,298.15,0 / -0.01,aci
solvent_818 / solvent_50,1 / 0,298.15,0 / 0.01,aci
solvent_818 / solvent_135,1 / 0,298.15,0 / 0.22,aci
solvent_876 / solvent_5,1 / 0,298.15,0 / 1.59,aci
solvent_876 / solvent_136,1 / 0,298.15,0 / 1.08,aci
solvent_876 / solvent_60,1 / 0,298.15,0 / 1.65,aci
solvent_876 / solvent_50,1 / 0,298.15,0 / 1.15,aci
solvent_876 / solvent_234,1 / 0,298.15,0 / 1.21,aci
solvent_876 / solvent_18,1 / 0,298.15,0 / 0.95,aci
solvent_50 / solvent_19,1 / 0,298.15,0 / 0.11,aci
solvent_50 / solvent_5,1 / 0,298.15,0 / 0.2,aci
solvent_50 / solvent_136,1 / 0,298.15,0 / -0.01,aci
solvent_50 / solvent_60,1 / 0,298.15,0 / 0.18,aci
solvent_50 / solvent_190,1 / 0,298.15,0 / 0.18,aci
solvent_50 / solvent_135,1 / 0,298.15,0 / 0.16,aci
solvent_50 / solvent_128,1 / 0,298.15,0 / 0.17,aci
solvent_50 / solvent_2,1 / 0,298.15,0 / 0.02,aci
solvent_50 / solvent_44,1 / 0,298.15,0 / 0.09,aci
solvent_50 / solvent_844,1 / 0,298.15,0 / 0.14,aci
solvent_50 / solvent_900,1 / 0,298.15,0 / 0.18,aci
solvent_50 / solvent_126,1 / 0,298.15,0 / 0.06,aci
solvent_50 / solvent_123,1 / 0,298.15,0 / 0.03,aci
solvent_50 / solvent_113,1 / 0,298.15,0 / -0.08,aci
solvent_50 / solvent_36,1 / 0,298.15,0 / -0.12,aci
solvent_50 / solvent_902,1 / 0,298.15,0 / -0.19,aci
solvent_50 / solvent_18,1 / 0,298.15,0 / 0.48,aci
solvent_50 / solvent_3,1 / 0,298.15,0 / 0.49,aci
solvent_50 / solvent_24,1 / 0,298.15,0 / 0.46,aci
solvent_50 / solvent_13,1 / 0,298.15,0 / 4.26,aci
solvent_50 / solvent_1,1 / 0,298.15,0 / 4.15,aci
solvent_50 / solvent_38,1 / 0,298.15,0 / 3.49,aci
solvent_50 / solvent_27,1 / 0,298.15,0 / 3.74,aci
solvent_50 / solvent_17,1 / 0,298.15,0 / 3.52,aci
solvent_50 / solvent_149,1 / 0,298.15,0 / 2.27,aci
solvent_50 / solvent_112,1 / 0,298.15,0 / 1.43,aci
solvent_50 / solvent_889,1 / 0,298.15,0 / 0.26,aci
solvent_50 / solvent_12,1 / 0,298.15,0 / 1.66,aci
solvent_50 / solvent_115,1 / 0,298.15,0 / 1.46,aci
solvent_50 / solvent_77,1 / 0,298.15,0 / 1.25,aci
solvent_50 / solvent_97,1 / 0,298.15,0 / 0.49,aci
solvent_50 / solvent_370,1 / 0,298.15,0 / 0.77,aci
solvent_50 / solvent_249,1 / 0,298.15,0 / 0.57,aci
solvent_50 / solvent_908,1 / 0,298.15,0 / 0.52,aci
solvent_50 / solvent_325,1 / 0,298.15,0 / 0.84,aci
solvent_50 / solvent_497,1 / 0,298.15,0 / 0.81,aci
solvent_50 / solvent_864,1 / 0,298.15,0 / 0.57,aci
solvent_160 / solvent_5,1 / 0,298.15,0 / 1.7,aci
solvent_160 / solvent_136,1 / 0,298.15,0 / 1.21,aci
solvent_160 / solvent_60,1 / 0,298.15,0 / 1.83,aci
solvent_160 / solvent_50,1 / 0,298.15,0 / 1.27,aci
solvent_160 / solvent_234,1 / 0,298.15,0 / 1.34,aci
solvent_160 / solvent_18,1 / 0,298.15,0 / 1.03,aci
solvent_161 / solvent_5,1 / 0,298.15,0 / 1.26,aci
solvent_161 / solvent_251,1 / 0,298.15,0 / 1.21,aci
solvent_161 / solvent_60,1 / 0,298.15,0 / 1.5,aci
solvent_161 / solvent_50,1 / 0,298.15,0 / 1.03,aci
solvent_161 / solvent_190,1 / 0,298.15,0 / 1.4,aci
solvent_161 / solvent_19,1 / 0,298.15,0 / 1.53,aci
solvent_161 / solvent_128,1 / 0,298.15,0 / 1.5,aci
solvent_161 / solvent_44,1 / 0,298.15,0 / 1.64,aci
solvent_161 / solvent_844,1 / 0,298.15,0 / 1.51,aci
solvent_161 / solvent_900,1 / 0,298.15,0 / 1.63,aci
solvent_161 / solvent_126,1 / 0,298.15,0 / 1.36,aci
solvent_161 / solvent_123,1 / 0,298.15,0 / 1.8,aci
solvent_161 / solvent_822,1 / 0,298.15,0 / 1.53,aci
solvent_161 / solvent_18,1 / 0,298.15,0 / -0.12,aci
solvent_161 / solvent_3,1 / 0,298.15,0 / 0.01,aci
solvent_161 / solvent_124,1 / 0,298.15,0 / 0.94,aci
solvent_161 / solvent_365,1 / 0,298.15,0 / 0.74,aci
solvent_161 / solvent_394,1 / 0,298.15,0 / 0.87,aci
solvent_161 / solvent_93,1 / 0,298.15,0 / 0.34,aci
solvent_161 / solvent_1,1 / 0,298.15,0 / 0.72,aci
solvent_161 / solvent_66,1 / 0,298.15,0 / 0.23,aci
solvent_161 / solvent_112,1 / 0,298.15,0 / 0.04,aci
solvent_161 / solvent_32,1 / 0,298.15,0 / 0.23,aci
solvent_161 / solvent_12,1 / 0,298.15,0 / 0,aci
solvent_161 / solvent_723,1 / 0,298.15,0 / 0.06,aci
solvent_161 / solvent_99,1 / 0,298.15,0 / 0.26,aci
solvent_161 / solvent_87,1 / 0,298.15,0 / -0.92,aci
solvent_161 / solvent_57,1 / 0,298.15,0 / -1.14,aci
solvent_161 / solvent_4,1 / 0,298.15,0 / 0.1,aci
solvent_161 / solvent_544,1 / 0,298.15,0 / -0.04,aci
solvent_161 / solvent_553,1 / 0,298.15,0 / 0.12,aci
solvent_161 / solvent_7,1 / 0,298.15,0 / 0.94,aci
solvent_161 / solvent_20,1 / 0,298.15,0 / 0.62,aci
solvent_826 / solvent_5,1 / 0,298.15,0 / 0.9,aci
solvent_826 / solvent_251,1 / 0,298.15,0 / 0.82,aci
solvent_826 / solvent_60,1 / 0,298.15,0 / 0.95,aci
solvent_826 / solvent_50,1 / 0,298.15,0 / 0.73,aci
solvent_826 / solvent_18,1 / 0,298.15,0 / -0.03,aci
solvent_826 / solvent_365,1 / 0,298.15,0 / 0.58,aci
solvent_826 / solvent_93,1 / 0,298.15,0 / 0.28,aci
solvent_129 / solvent_19,1 / 0,298.15,0 / 0.85,aci
solvent_817 / solvent_60,1 / 0,298.15,0 / 0.47,aci
solvent_817 / solvent_50,1 / 0,298.15,0 / 0.21,aci
solvent_817 / solvent_19,1 / 0,298.15,0 / 0.48,aci
solvent_817 / solvent_18,1 / 0,298.15,0 / -0.03,aci
solvent_817 / solvent_102,1 / 0,298.15,0 / 0.28,aci
solvent_817 / solvent_176,1 / 0,298.15,0 / 0.04,aci
solvent_817 / solvent_838,1 / 0,298.15,0 / -0.05,aci
solvent_817 / solvent_820,1 / 0,298.15,0 / -0.15,aci
solvent_817 / solvent_309,1 / 0,298.15,0 / 0.3,aci
solvent_817 / solvent_824,1 / 0,298.15,0 / 0.17,aci
solvent_817 / solvent_141,1 / 0,298.15,0 / 0.17,aci
solvent_227 / solvent_19,1 / 0,298.15,0 / 0.26,aci
solvent_227 / solvent_136,1 / 0,298.15,0 / -0.01,aci
solvent_227 / solvent_50,1 / 0,298.15,0 / 0.05,aci
solvent_227 / solvent_135,1 / 0,298.15,0 / 0.29,aci
solvent_227 / solvent_18,1 / 0,298.15,0 / 0.29,aci
solvent_227 / solvent_3,1 / 0,298.15,0 / 0.51,aci
solvent_136 / solvent_19,1 / 0,298.15,0 / 0.09,aci
solvent_136 / solvent_18,1 / 0,298.15,0 / 0.51,aci
solvent_245 / solvent_5,1 / 0,298.15,0 / 1.78,aci
solvent_245 / solvent_136,1 / 0,298.15,0 / 1.41,aci
solvent_245 / solvent_60,1 / 0,298.15,0 / 1.88,aci
solvent_245 / solvent_50,1 / 0,298.15,0 / 1.43,aci
solvent_245 / solvent_234,1 / 0,298.15,0 / 1.49,aci
solvent_245 / solvent_18,1 / 0,298.15,0 / 1.1,aci
solvent_477 / solvent_5,1 / 0,298.15,0 / 1.57,aci
solvent_477 / solvent_50,1 / 0,298.15,0 / 1.36,aci
solvent_477 / solvent_19,1 / 0,298.15,0 / 1.75,aci
solvent_477 / solvent_18,1 / 0,298.15,0 / 0.05,aci
solvent_477 / solvent_124,1 / 0,298.15,0 / 1.07,aci
solvent_909 / solvent_19,1 / 0,298.15,0 / 0.72,aci
solvent_865 / solvent_60,1 / 0,298.15,0 / 0.25,aci
solvent_865 / solvent_50,1 / 0,298.15,0 / 0.07,aci
solvent_865 / solvent_19,1 / 0,298.15,0 / 0.25,aci
solvent_865 / solvent_18,1 / 0,298.15,0 / 0.37,aci
solvent_865 / solvent_102,1 / 0,298.15,0 / 0.28,aci
solvent_865 / solvent_176,1 / 0,298.15,0 / 0.07,aci
solvent_865 / solvent_838,1 / 0,298.15,0 / 0.1,aci
solvent_865 / solvent_820,1 / 0,298.15,0 / 0.05,aci
solvent_865 / solvent_309,1 / 0,298.15,0 / 0.24,aci
solvent_865 / solvent_824,1 / 0,298.15,0 / 0.57,aci
solvent_865 / solvent_141,1 / 0,298.15,0 / 0.55,aci
solvent_865 / solvent_5,1 / 0,298.15,0 / 0.29,aci
solvent_865 / solvent_136,1 / 0,298.15,0 / 0,aci
solvent_865 / solvent_365,1 / 0,298.15,0 / 0.19,aci
solvent_865 / solvent_93,1 / 0,298.15,0 / 0.31,aci
solvent_880 / solvent_60,1 / 0,298.15,0 / 1.48,aci
solvent_880 / solvent_18,1 / 0,298.15,0 / 0,aci
solvent_847 / solvent_5,1 / 0,298.15,0 / 0.35,aci
solvent_847 / solvent_60,1 / 0,298.15,0 / 0.45,aci
solvent_847 / solvent_50,1 / 0,298.15,0 / 0.1,aci
solvent_847 / solvent_19,1 / 0,298.15,0 / 0.54,aci
solvent_847 / solvent_2,1 / 0,298.15,0 / 0.19,aci
solvent_847 / solvent_44,1 / 0,298.15,0 / 0.63,aci
solvent_847 / solvent_126,1 / 0,298.15,0 / 0.28,aci
solvent_847 / solvent_18,1 / 0,298.15,0 / -0.39,aci
solvent_847 / solvent_3,1 / 0,298.15,0 / -0.29,aci
solvent_847 / solvent_41,1 / 0,298.15,0 / -0.25,aci
solvent_847 / solvent_124,1 / 0,298.15,0 / 0.04,aci
solvent_847 / solvent_102,1 / 0,298.15,0 / 0.19,aci
solvent_847 / solvent_309,1 / 0,298.15,0 / 0.34,aci
solvent_847 / solvent_46,1 / 0,298.15,0 / 0.45,aci
solvent_836 / solvent_5,1 / 0,298.15,0 / 0.54,aci
solvent_836 / solvent_60,1 / 0,298.15,0 / 0.66,aci
solvent_836 / solvent_50,1 / 0,298.15,0 / 0.27,aci
solvent_836 / solvent_19,1 / 0,298.15,0 / 0.78,aci
solvent_836 / solvent_2,1 / 0,298.15,0 / 0.38,aci
solvent_836 / solvent_44,1 / 0,298.15,0 / 0.91,aci
solvent_836 / solvent_126,1 / 0,298.15,0 / 0.5,aci
solvent_836 / solvent_18,1 / 0,298.15,0 / -0.54,aci
solvent_836 / solvent_3,1 / 0,298.15,0 / -0.36,aci
solvent_836 / solvent_41,1 / 0,298.15,0 / -0.19,aci
solvent_836 / solvent_124,1 / 0,298.15,0 / 0.15,aci
solvent_836 / solvent_102,1 / 0,298.15,0 / 0.27,aci
solvent_836 / solvent_309,1 / 0,298.15,0 / 0.4,aci
solvent_836 / solvent_46,1 / 0,298.15,0 / 0.52,aci
solvent_891 / solvent_19,1 / 0,298.15,0 / 0.19,aci
solvent_867 / solvent_60,1 / 0,298.15,0 / 2.67,aci
solvent_867 / solvent_50,1 / 0,298.15,0 / 2.18,aci
solvent_867 / solvent_18,1 / 0,298.15,0 / 0.87,aci
solvent_867 / solvent_365,1 / 0,298.15,0 / 1.73,aci
solvent_867 / solvent_93,1 / 0,298.15,0 / 1.33,aci
solvent_87 / solvent_18,1 / 0,298.15,0 / -0.08,aci
solvent_87 / solvent_3,1 / 0,298.15,0 / -0.09,aci
solvent_87 / solvent_5,1 / 0,298.15,0 / 1.13,aci
solvent_87 / solvent_60,1 / 0,298.15,0 / 1.42,aci
solvent_87 / solvent_1,1 / 0,298.15,0 / 2.22,aci
solvent_87 / solvent_112,1 / 0,298.15,0 / -0.87,aci
solvent_87 / solvent_12,1 / 0,298.15,0 / -0.82,aci
solvent_87 / solvent_7,1 / 0,298.15,0 / -0.06,aci
solvent_616 / solvent_60,1 / 0,298.15,0 / 5.23,aci
solvent_616 / solvent_50,1 / 0,298.15,0 / 4.49,aci
solvent_616 / solvent_18,1 / 0,298.15,0 / 2,aci
solvent_616 / solvent_365,1 / 0,298.15,0 / 3.66,aci
solvent_616 / solvent_93,1 / 0,298.15,0 / 2.88,aci
solvent_179 / solvent_5,1 / 0,298.15,0 / 1.06,aci
solvent_179 / solvent_50,1 / 0,298.15,0 / 1.35,aci
solvent_179 / solvent_18,1 / 0,298.15,0 / -0.09,aci
solvent_179 / solvent_124,1 / 0,298.15,0 / 0.65,aci
solvent_8 / solvent_50,1 / 0,298.15,0 / 0.44,aci
solvent_897 / solvent_5,1 / 0,298.15,0 / 1.9,aci
solvent_897 / solvent_124,1 / 0,298.15,0 / 1.34,aci
solvent_119 / solvent_19,1 / 0,298.15,0 / 0.45,aci
solvent_497 / solvent_50,1 / 0,298.15,0 / 0.64,aci
solvent_497 / solvent_19,1 / 0,298.15,0 / 0.64,aci
solvent_498 / solvent_60,1 / 0,298.15,0 / 4.67,aci
solvent_498 / solvent_50,1 / 0,298.15,0 / 3.93,aci
solvent_498 / solvent_19,1 / 0,298.15,0 / 5.11,aci
solvent_498 / solvent_2,1 / 0,298.15,0 / 4.36,aci
solvent_498 / solvent_44,1 / 0,298.15,0 / 5.52,aci
solvent_498 / solvent_49,1 / 0,298.15,0 / 5.3,aci
solvent_498 / solvent_126,1 / 0,298.15,0 / 4.76,aci
solvent_498 / solvent_123,1 / 0,298.15,0 / 5.94,aci
solvent_498 / solvent_18,1 / 0,298.15,0 / 1.9,aci
solvent_498 / solvent_3,1 / 0,298.15,0 / 2.34,aci
solvent_498 / solvent_24,1 / 0,298.15,0 / 2.83,aci
solvent_498 / solvent_25,1 / 0,298.15,0 / 2.84,aci
solvent_498 / solvent_191,1 / 0,298.15,0 / 2.7,aci
solvent_498 / solvent_41,1 / 0,298.15,0 / 2.79,aci
solvent_498 / solvent_233,1 / 0,298.15,0 / 3.25,aci
solvent_498 / solvent_146,1 / 0,298.15,0 / 3.19,aci
solvent_498 / solvent_875,1 / 0,298.15,0 / 3.92,aci
solvent_498 / solvent_176,1 / 0,298.15,0 / 3.24,aci
solvent_498 / solvent_309,1 / 0,298.15,0 / 4.42,aci
solvent_498 / solvent_46,1 / 0,298.15,0 / 4.85,aci
solvent_498 / solvent_904,1 / 0,298.15,0 / 4.69,aci
solvent_498 / solvent_113,1 / 0,298.15,0 / 6.41,aci
solvent_498 / solvent_244,1 / 0,298.15,0 / 6.85,aci
solvent_498 / solvent_885,1 / 0,298.15,0 / 4.16,aci
solvent_498 / solvent_141,1 / 0,298.15,0 / 2.97,aci
solvent_498 / solvent_903,1 / 0,298.15,0 / 3.37,aci
solvent_498 / solvent_6,1 / 0,298.15,0 / 2.45,aci
solvent_498 / solvent_9,1 / 0,298.15,0 / 1.14,aci
solvent_498 / solvent_97,1 / 0,298.15,0 / 2.65,aci
solvent_498 / solvent_87,1 / 0,298.15,0 / 0.45,aci
solvent_498 / solvent_823,1 / 0,298.15,0 / 1.51,aci
solvent_498 / solvent_57,1 / 0,298.15,0 / 0.42,aci
solvent_498 / solvent_108,1 / 0,298.15,0 / 1.88,aci
solvent_498 / solvent_833,1 / 0,298.15,0 / 2.19,aci
solvent_498 / solvent_228,1 / 0,298.15,0 / 2,aci
solvent_498 / solvent_15,1 / 0,298.15,0 / 0.74,aci
solvent_498 / solvent_109,1 / 0,298.15,0 / 1.69,aci
solvent_483 / solvent_50,1 / 0,298.15,0 / 1.38,aci
solvent_495 / solvent_5,1 / 0,298.15,0 / 1.64,aci
solvent_495 / solvent_60,1 / 0,298.15,0 / 1.82,aci
solvent_495 / solvent_50,1 / 0,298.15,0 / 1.39,aci
solvent_495 / solvent_19,1 / 0,298.15,0 / 1.97,aci
solvent_495 / solvent_2,1 / 0,298.15,0 / 1.56,aci
solvent_495 / solvent_44,1 / 0,298.15,0 / 2.14,aci
solvent_495 / solvent_126,1 / 0,298.15,0 / 1.74,aci
solvent_495 / solvent_18,1 / 0,298.15,0 / 0.04,aci
solvent_495 / solvent_3,1 / 0,298.15,0 / 0.2,aci
solvent_495 / solvent_41,1 / 0,298.15,0 / 0.36,aci
solvent_495 / solvent_124,1 / 0,298.15,0 / 1.07,aci
solvent_495 / solvent_102,1 / 0,298.15,0 / 1.25,aci
solvent_495 / solvent_309,1 / 0,298.15,0 / 1.45,aci
solvent_495 / solvent_46,1 / 0,298.15,0 / 1.67,aci
solvent_249 / solvent_50,1 / 0,298.15,0 / 0.59,aci
solvent_249 / solvent_19,1 / 0,298.15,0 / 0.58,aci
solvent_878 / solvent_5,1 / 0,298.15,0 / 0.97,aci
solvent_878 / solvent_60,1 / 0,298.15,0 / 1.11,aci
solvent_878 / solvent_50,1 / 0,298.15,0 / 0.71,aci
solvent_878 / solvent_19,1 / 0,298.15,0 / 1.28,aci
solvent_878 / solvent_2,1 / 0,298.15,0 / 0.85,aci
solvent_878 / solvent_44,1 / 0,298.15,0 / 1.45,aci
solvent_878 / solvent_126,1 / 0,298.15,0 / 1,aci
solvent_878 / solvent_18,1 / 0,298.15,0 / -0.15,aci
solvent_878 / solvent_3,1 / 0,298.15,0 / -0.03,aci
solvent_878 / solvent_41,1 / 0,298.15,0 / 0.06,aci
solvent_878 / solvent_124,1 / 0,298.15,0 / 0.62,aci
solvent_878 / solvent_102,1 / 0,298.15,0 / 0.74,aci
solvent_878 / solvent_309,1 / 0,298.15,0 / 0.86,aci
solvent_878 / solvent_46,1 / 0,298.15,0 / 0.95,aci
solvent_794 / solvent_5,1 / 0,298.15,0 / 0.18,aci
solvent_794 / solvent_60,1 / 0,298.15,0 / 0.23,aci
solvent_794 / solvent_50,1 / 0,298.15,0 / -0.05,aci
solvent_794 / solvent_19,1 / 0,298.15,0 / 0.29,aci
solvent_794 / solvent_2,1 / 0,298.15,0 / 0.08,aci
solvent_794 / solvent_44,1 / 0,298.15,0 / 0.33,aci
solvent_794 / solvent_126,1 / 0,298.15,0 / 0.2,aci
solvent_794 / solvent_18,1 / 0,298.15,0 / -0.54,aci
solvent_794 / solvent_3,1 / 0,298.15,0 / -0.45,aci
solvent_794 / solvent_41,1 / 0,298.15,0 / -0.34,aci
solvent_794 / solvent_124,1 / 0,298.15,0 / 0.07,aci
solvent_794 / solvent_102,1 / 0,298.15,0 / 0.12,aci
solvent_794 / solvent_309,1 / 0,298.15,0 / 0.16,aci
solvent_794 / solvent_46,1 / 0,298.15,0 / 0.2,aci
solvent_47 / solvent_5,1 / 0,298.15,0 / -0.02,aci
solvent_47 / solvent_60,1 / 0,298.15,0 / 0.04,aci
solvent_47 / solvent_50,1 / 0,298.15,0 / 0.15,aci
solvent_47 / solvent_190,1 / 0,298.15,0 / 0.05,aci
solvent_47 / solvent_19,1 / 0,298.15,0 / 0.16,aci
solvent_47 / solvent_44,1 / 0,298.15,0 / 0.28,aci
solvent_47 / solvent_844,1 / 0,298.15,0 / 0.22,aci
solvent_47 / solvent_126,1 / 0,298.15,0 / 0.36,aci
solvent_47 / solvent_123,1 / 0,298.15,0 / 0.49,aci
solvent_47 / solvent_822,1 / 0,298.15,0 / 0.18,aci
solvent_47 / solvent_3,1 / 0,298.15,0 / 0.22,aci
solvent_47 / solvent_1,1 / 0,298.15,0 / 1.54,aci
solvent_47 / solvent_112,1 / 0,298.15,0 / 0.77,aci
solvent_47 / solvent_12,1 / 0,298.15,0 / 0.73,aci
solvent_53 / solvent_50,1 / 0,298.15,0 / 1.06,aci
solvent_520 / solvent_50,1 / 0,298.15,0 / 2.13,aci
solvent_520 / solvent_18,1 / 0,298.15,0 / 0.41,aci
solvent_325 / solvent_5,1 / 0,298.15,0 / 0.86,aci
solvent_325 / solvent_60,1 / 0,298.15,0 / 0.83,aci
solvent_325 / solvent_50,1 / 0,298.15,0 / 0.65,aci
solvent_325 / solvent_190,1 / 0,298.15,0 / 0.87,aci
solvent_325 / solvent_19,1 / 0,298.15,0 / 0.92,aci
solvent_325 / solvent_128,1 / 0,298.15,0 / 0.98,aci
solvent_325 / solvent_44,1 / 0,298.15,0 / 0.75,aci
solvent_325 / solvent_844,1 / 0,298.15,0 / 0.88,aci
solvent_325 / solvent_900,1 / 0,298.15,0 / 0.92,aci
solvent_325 / solvent_126,1 / 0,298.15,0 / 0.54,aci
solvent_325 / solvent_123,1 / 0,298.15,0 / 0.72,aci
solvent_325 / solvent_822,1 / 0,298.15,0 / 0.85,aci
solvent_325 / solvent_3,1 / 0,298.15,0 / 0.53,aci
solvent_830 / solvent_50,1 / 0,298.15,0 / 1.2,aci
solvent_830 / solvent_19,1 / 0,298.15,0 / 1.1,aci
solvent_55 / solvent_5,1 / 0,298.15,0 / 3.81,aci
solvent_55 / solvent_60,1 / 0,298.15,0 / 4.34,aci
solvent_55 / solvent_50,1 / 0,298.15,0 / 3.63,aci
solvent_55 / solvent_19,1 / 0,298.15,0 / 4.78,aci
solvent_55 / solvent_818,1 / 0,298.15,0 / 4.16,aci
solvent_55 / solvent_44,1 / 0,298.15,0 / 5.13,aci
solvent_55 / solvent_227,1 / 0,298.15,0 / 4.34,aci
solvent_55 / solvent_123,1 / 0,298.15,0 / 5.58,aci
solvent_55 / solvent_18,1 / 0,298.15,0 / 1.2,aci
solvent_55 / solvent_365,1 / 0,298.15,0 / 3,aci
solvent_55 / solvent_93,1 / 0,298.15,0 / 2.16,aci
solvent_55 / solvent_102,1 / 0,298.15,0 / 3.74,aci
solvent_55 / solvent_309,1 / 0,298.15,0 / 4.2,aci
solvent_55 / solvent_46,1 / 0,298.15,0 / 4.49,aci
solvent_55 / solvent_824,1 / 0,298.15,0 / 1.79,aci
solvent_55 / solvent_141,1 / 0,298.15,0 / 2.23,aci
solvent_55 / solvent_903,1 / 0,298.15,0 / 2.54,aci
solvent_55 / solvent_190,1 / 0,298.15,0 / 4.11,aci
solvent_55 / solvent_128,1 / 0,298.15,0 / 4.57,aci
solvent_55 / solvent_2,1 / 0,298.15,0 / 3.99,aci
solvent_55 / solvent_844,1 / 0,298.15,0 / 4.75,aci
solvent_55 / solvent_900,1 / 0,298.15,0 / 5.03,aci
solvent_55 / solvent_126,1 / 0,298.15,0 / 4.4,aci
solvent_55 / solvent_822,1 / 0,298.15,0 / 4.96,aci
solvent_55 / solvent_1,1 / 0,298.15,0 / -0.63,aci
solvent_55 / solvent_633,1 / 0,298.15,0 / 0.57,aci
solvent_55 / solvent_66,1 / 0,298.15,0 / 1.39,aci
solvent_55 / solvent_9,1 / 0,298.15,0 / 1.2,aci
solvent_55 / solvent_112,1 / 0,298.15,0 / 0.49,aci
solvent_55 / solvent_8,1 / 0,298.15,0 / 2.48,aci
solvent_55 / solvent_32,1 / 0,298.15,0 / 0.71,aci
solvent_55 / solvent_12,1 / 0,298.15,0 / 0.83,aci
solvent_55 / solvent_87,1 / 0,298.15,0 / -0.58,aci
solvent_55 / solvent_57,1 / 0,298.15,0 / -0.78,aci
solvent_489 / solvent_60,1 / 0,298.15,0 / 0.07,aci
solvent_489 / solvent_50,1 / 0,298.15,0 / 0.09,aci
solvent_489 / solvent_44,1 / 0,298.15,0 / 0.08,aci
solvent_489 / solvent_805,1 / 0,298.15,0 / 0.06,aci
solvent_184 / solvent_50,1 / 0,298.15,0 / 0.26,aci
solvent_526 / solvent_136,1 / 0,298.15,0 / 1.46,aci
solvent_526 / solvent_50,1 / 0,298.15,0 / 1.72,aci
solvent_526 / solvent_234,1 / 0,298.15,0 / 1.72,aci
solvent_526 / solvent_19,1 / 0,298.15,0 / 2.27,aci
solvent_526 / solvent_2,1 / 0,298.15,0 / 1.89,aci
solvent_526 / solvent_49,1 / 0,298.15,0 / 2.39,aci
solvent_121 / solvent_19,1 / 0,298.15,0 / 0.21,aci
solvent_864 / solvent_19,1 / 0,298.15,0 / 0.46,aci
solvent_908 / solvent_50,1 / 0,298.15,0 / 0.37,aci
solvent_908 / solvent_19,1 / 0,298.15,0 / 0.38,aci
solvent_1 / solvent_66,1 / 0,298.15,0 / 1.28,aci
solvent_1 / solvent_112,1 / 0,298.15,0 / 1.13,aci
solvent_1 / solvent_32,1 / 0,298.15,0 / 0.85,aci
solvent_1 / solvent_12,1 / 0,298.15,0 / 0.9,aci
solvent_1 / solvent_87,1 / 0,298.15,0 / 0.92,aci
solvent_1 / solvent_57,1 / 0,298.15,0 / 0.54,aci
solvent_1 / solvent_4,1 / 0,298.15,0 / 1.64,aci
solvent_1 / solvent_544,1 / 0,298.15,0 / 1.41,aci
solvent_1 / solvent_553,1 / 0,298.15,0 / 1.79,aci
solvent_1 / solvent_7,1 / 0,298.15,0 / 0.23,aci
solvent_871 / solvent_5,1 / 0,298.15,0 / 0.9,aci
solvent_871 / solvent_60,1 / 0,298.15,0 / 0.98,aci
solvent_871 / solvent_50,1 / 0,298.15,0 / 0.75,aci
solvent_871 / solvent_190,1 / 0,298.15,0 / 1.03,aci
solvent_871 / solvent_19,1 / 0,298.15,0 / 1.08,aci
solvent_871 / solvent_128,1 / 0,298.15,0 / 1.17,aci
solvent_871 / solvent_44,1 / 0,298.15,0 / 1.18,aci
solvent_871 / solvent_844,1 / 0,298.15,0 / 1.14,aci
solvent_871 / solvent_126,1 / 0,298.15,0 / 0.96,aci
solvent_871 / solvent_123,1 / 0,298.15,0 / 1.36,aci
solvent_871 / solvent_822,1 / 0,298.15,0 / 1.21,aci
solvent_871 / solvent_3,1 / 0,298.15,0 / 0.02,aci
solvent_871 / solvent_1,1 / 0,298.15,0 / 2.29,aci
solvent_871 / solvent_112,1 / 0,298.15,0 / 0.1,aci
solvent_871 / solvent_12,1 / 0,298.15,0 / 0.17,aci
solvent_66 / solvent_5,1 / 0,298.15,0 / 1.11,aci
solvent_66 / solvent_60,1 / 0,298.15,0 / 1.28,aci
solvent_66 / solvent_50,1 / 0,298.15,0 / 1.19,aci
solvent_66 / solvent_190,1 / 0,298.15,0 / 1.24,aci
solvent_66 / solvent_19,1 / 0,298.15,0 / 1.37,aci
solvent_66 / solvent_128,1 / 0,298.15,0 / 1.34,aci
solvent_66 / solvent_44,1 / 0,298.15,0 / 1.56,aci
solvent_66 / solvent_844,1 / 0,298.15,0 / 1.4,aci
solvent_66 / solvent_900,1 / 0,298.15,0 / 1.47,aci
solvent_66 / solvent_126,1 / 0,298.15,0 / 2.99,aci
solvent_66 / solvent_123,1 / 0,298.15,0 / 1.7,aci
solvent_66 / solvent_822,1 / 0,298.15,0 / 1.37,aci
solvent_66 / solvent_3,1 / 0,298.15,0 / 0.29,aci
solvent_66 / solvent_124,1 / 0,298.15,0 / 0.71,aci
solvent_66 / solvent_394,1 / 0,298.15,0 / 0.71,aci
solvent_66 / solvent_93,1 / 0,298.15,0 / 0.28,aci
solvent_66 / solvent_309,1 / 0,298.15,0 / 1.23,aci
solvent_66 / solvent_1,1 / 0,298.15,0 / 1.22,aci
solvent_66 / solvent_9,1 / 0,298.15,0 / 0.13,aci
solvent_66 / solvent_112,1 / 0,298.15,0 / 0.08,aci
solvent_66 / solvent_32,1 / 0,298.15,0 / 0.12,aci
solvent_66 / solvent_12,1 / 0,298.15,0 / 0.14,aci
solvent_66 / solvent_723,1 / 0,298.15,0 / 0.1,aci
solvent_66 / solvent_99,1 / 0,298.15,0 / 0.19,aci
solvent_66 / solvent_87,1 / 0,298.15,0 / -0.69,aci
solvent_66 / solvent_57,1 / 0,298.15,0 / -0.92,aci
solvent_66 / solvent_4,1 / 0,298.15,0 / 0.26,aci
solvent_66 / solvent_544,1 / 0,298.15,0 / 0.04,aci
solvent_66 / solvent_111,1 / 0,298.15,0 / 0.39,aci
solvent_66 / solvent_553,1 / 0,298.15,0 / 0.43,aci
solvent_66 / solvent_7,1 / 0,298.15,0 / 0.74,aci
solvent_66 / solvent_20,1 / 0,298.15,0 / 0.96,aci
solvent_544 / solvent_5,1 / 0,298.15,0 / 0.59,aci
solvent_544 / solvent_50,1 / 0,298.15,0 / 0.56,aci
solvent_544 / solvent_19,1 / 0,298.15,0 / 0.66,aci
solvent_544 / solvent_44,1 / 0,298.15,0 / 0.77,aci
solvent_544 / solvent_844,1 / 0,298.15,0 / 0.66,aci
solvent_544 / solvent_123,1 / 0,298.15,0 / 0.89,aci
solvent_544 / solvent_822,1 / 0,298.15,0 / 0.62,aci
solvent_544 / solvent_3,1 / 0,298.15,0 / 0.07,aci
solvent_544 / solvent_112,1 / 0,298.15,0 / 0.28,aci
solvent_544 / solvent_12,1 / 0,298.15,0 / 0.03,aci
solvent_226 / solvent_50,1 / 0,298.15,0 / 0.36,aci
solvent_235 / solvent_5,1 / 0,298.15,0 / 0.55,aci
solvent_235 / solvent_60,1 / 0,298.15,0 / 0.68,aci
solvent_235 / solvent_50,1 / 0,298.15,0 / 0.62,aci
solvent_235 / solvent_190,1 / 0,298.15,0 / 0.66,aci
solvent_235 / solvent_19,1 / 0,298.15,0 / 0.69,aci
solvent_235 / solvent_128,1 / 0,298.15,0 / 0.73,aci
solvent_235 / solvent_44,1 / 0,298.15,0 / 0.88,aci
solvent_235 / solvent_844,1 / 0,298.15,0 / 0.77,aci
solvent_235 / solvent_900,1 / 0,298.15,0 / 0.81,aci
solvent_235 / solvent_126,1 / 0,298.15,0 / 0.79,aci
solvent_235 / solvent_123,1 / 0,298.15,0 / 0.98,aci
solvent_41 / solvent_19,1 / 0,298.15,0 / 0.51,aci
solvent_563 / solvent_60,1 / 0,298.15,0 / 4.5,aci
solvent_563 / solvent_18,1 / 0,298.15,0 / 1.02,aci
solvent_26 / solvent_60,1 / 0,298.15,0 / 6.11,aci
solvent_26 / solvent_18,1 / 0,298.15,0 / 3.48,aci
solvent_26 / solvent_5,1 / 0,298.15,0 / 5.52,aci
solvent_26 / solvent_50,1 / 0,298.15,0 / 5.58,aci
solvent_26 / solvent_19,1 / 0,298.15,0 / 6.88,aci
solvent_26 / solvent_44,1 / 0,298.15,0 / 7.48,aci
solvent_26 / solvent_123,1 / 0,298.15,0 / 7.72,aci
solvent_26 / solvent_3,1 / 0,298.15,0 / 4.16,aci
solvent_26 / solvent_2,1 / 0,298.15,0 / 6.3,aci
solvent_26 / solvent_49,1 / 0,298.15,0 / 7.05,aci
solvent_26 / solvent_126,1 / 0,298.15,0 / 6.65,aci
solvent_26 / solvent_24,1 / 0,298.15,0 / 4.82,aci
solvent_26 / solvent_25,1 / 0,298.15,0 / 4.81,aci
solvent_26 / solvent_191,1 / 0,298.15,0 / 4.67,aci
solvent_26 / solvent_41,1 / 0,298.15,0 / 4.72,aci
solvent_26 / solvent_233,1 / 0,298.15,0 / 5.31,aci
solvent_26 / solvent_146,1 / 0,298.15,0 / 5.21,aci
solvent_26 / solvent_102,1 / 0,298.15,0 / 5.67,aci
solvent_26 / solvent_875,1 / 0,298.15,0 / 5.59,aci
solvent_26 / solvent_176,1 / 0,298.15,0 / 4.85,aci
solvent_26 / solvent_309,1 / 0,298.15,0 / 6.23,aci
solvent_26 / solvent_46,1 / 0,298.15,0 / 6.82,aci
solvent_26 / solvent_904,1 / 0,298.15,0 / 6.51,aci
solvent_54 / solvent_60,1 / 0,298.15,0 / 4.38,aci
solvent_54 / solvent_18,1 / 0,298.15,0 / 1.86,aci
solvent_889 / solvent_60,1 / 0,298.15,0 / 0.16,aci
solvent_889 / solvent_50,1 / 0,298.15,0 / 0.18,aci
solvent_889 / solvent_19,1 / 0,298.15,0 / 0.19,aci
solvent_109 / solvent_5,1 / 0,298.15,0 / 0.65,aci
solvent_109 / solvent_60,1 / 0,298.15,0 / 0.7,aci
solvent_109 / solvent_50,1 / 0,298.15,0 / 0.65,aci
solvent_109 / solvent_190,1 / 0,298.15,0 / 0.72,aci
solvent_109 / solvent_19,1 / 0,298.15,0 / 0.77,aci
solvent_109 / solvent_128,1 / 0,298.15,0 / 0.77,aci
solvent_109 / solvent_44,1 / 0,298.15,0 / 0.87,aci
solvent_109 / solvent_126,1 / 0,298.15,0 / 0.82,aci
solvent_109 / solvent_123,1 / 0,298.15,0 / 1.01,aci
solvent_203 / solvent_5,1 / 0,298.15,0 / 3.04,aci
solvent_203 / solvent_136,1 / 0,298.15,0 / 2.49,aci
solvent_203 / solvent_60,1 / 0,298.15,0 / 3.29,aci
solvent_203 / solvent_50,1 / 0,298.15,0 / 2.7,aci
solvent_203 / solvent_19,1 / 0,298.15,0 / 3.48,aci
solvent_203 / solvent_18,1 / 0,298.15,0 / 0.93,aci
solvent_203 / solvent_3,1 / 0,298.15,0 / 1.28,aci
solvent_203 / solvent_191,1 / 0,298.15,0 / 1.37,aci
solvent_203 / solvent_41,1 / 0,298.15,0 / 1.54,aci
solvent_203 / solvent_818,1 / 0,298.15,0 / 2.74,aci
solvent_203 / solvent_102,1 / 0,298.15,0 / 2.71,aci
solvent_203 / solvent_309,1 / 0,298.15,0 / 2.88,aci
solvent_203 / solvent_824,1 / 0,298.15,0 / 1.4,aci
solvent_203 / solvent_141,1 / 0,298.15,0 / 1.63,aci
solvent_589 / solvent_5,1 / 0,298.15,0 / 3.21,aci
solvent_589 / solvent_136,1 / 0,298.15,0 / 2.48,aci
solvent_589 / solvent_60,1 / 0,298.15,0 / 3.43,aci
solvent_589 / solvent_50,1 / 0,298.15,0 / 2.73,aci
solvent_589 / solvent_19,1 / 0,298.15,0 / 3.62,aci
solvent_589 / solvent_818,1 / 0,298.15,0 / 2.87,aci
solvent_589 / solvent_18,1 / 0,298.15,0 / 1.15,aci
solvent_589 / solvent_102,1 / 0,298.15,0 / 2.81,aci
solvent_589 / solvent_309,1 / 0,298.15,0 / 3.01,aci
solvent_589 / solvent_824,1 / 0,298.15,0 / 1.8,aci
solvent_589 / solvent_141,1 / 0,298.15,0 / 1.91,aci
solvent_590 / solvent_5,1 / 0,298.15,0 / 3.14,aci
solvent_590 / solvent_60,1 / 0,298.15,0 / 3.56,aci
solvent_590 / solvent_50,1 / 0,298.15,0 / 3.04,aci
solvent_590 / solvent_190,1 / 0,298.15,0 / 3.47,aci
solvent_590 / solvent_19,1 / 0,298.15,0 / 3.94,aci
solvent_590 / solvent_128,1 / 0,298.15,0 / 3.82,aci
solvent_590 / solvent_44,1 / 0,298.15,0 / 4.33,aci
solvent_590 / solvent_844,1 / 0,298.15,0 / 3.97,aci
solvent_590 / solvent_900,1 / 0,298.15,0 / 4.2,aci
solvent_590 / solvent_126,1 / 0,298.15,0 / 3.74,aci
solvent_590 / solvent_123,1 / 0,298.15,0 / 4.67,aci
solvent_890 / solvent_136,1 / 0,298.15,0 / 2.72,aci
solvent_890 / solvent_60,1 / 0,298.15,0 / 3.61,aci
solvent_890 / solvent_50,1 / 0,298.15,0 / 3.08,aci
solvent_890 / solvent_234,1 / 0,298.15,0 / 3.1,aci
solvent_890 / solvent_19,1 / 0,298.15,0 / 3.82,aci
solvent_890 / solvent_2,1 / 0,298.15,0 / 3.35,aci
solvent_890 / solvent_49,1 / 0,298.15,0 / 3.9,aci
solvent_890 / solvent_18,1 / 0,298.15,0 / 0.99,aci
solvent_890 / solvent_3,1 / 0,298.15,0 / 1.39,aci
solvent_901 / solvent_60,1 / 0,298.15,0 / 1.1,aci
solvent_901 / solvent_50,1 / 0,298.15,0 / 0.95,aci
solvent_901 / solvent_18,1 / 0,298.15,0 / -0.11,aci
solvent_901 / solvent_365,1 / 0,298.15,0 / 0.63,aci
solvent_901 / solvent_93,1 / 0,298.15,0 / 0.26,aci
solvent_912 / solvent_19,1 / 0,298.15,0 / 0.89,aci
solvent_884 / solvent_19,1 / 0,298.15,0 / 0.56,aci
solvent_809 / solvent_5,1 / 0,298.15,0 / 1.46,aci
solvent_809 / solvent_60,1 / 0,298.15,0 / 3.18,aci
solvent_809 / solvent_50,1 / 0,298.15,0 / 3.22,aci
solvent_809 / solvent_190,1 / 0,298.15,0 / 2.89,aci
solvent_809 / solvent_19,1 / 0,298.15,0 / 3.67,aci
solvent_809 / solvent_128,1 / 0,298.15,0 / 3.21,aci
solvent_809 / solvent_44,1 / 0,298.15,0 / 4.17,aci
solvent_809 / solvent_844,1 / 0,298.15,0 / 3.63,aci
solvent_809 / solvent_900,1 / 0,298.15,0 / 3.72,aci
solvent_809 / solvent_126,1 / 0,298.15,0 / 4.04,aci
solvent_809 / solvent_123,1 / 0,298.15,0 / 4.64,aci
solvent_169 / solvent_902,1 / 0,298.15,0 / 2.05,aci
solvent_595 / solvent_5,1 / 0,298.15,0 / 1.36,aci
solvent_595 / solvent_251,1 / 0,298.15,0 / 1.7,aci
solvent_595 / solvent_60,1 / 0,298.15,0 / 1.58,aci
solvent_595 / solvent_50,1 / 0,298.15,0 / 1.18,aci
solvent_595 / solvent_190,1 / 0,298.15,0 / 1.35,aci
solvent_595 / solvent_19,1 / 0,298.15,0 / 1.55,aci
solvent_595 / solvent_128,1 / 0,298.15,0 / 1.52,aci
solvent_595 / solvent_44,1 / 0,298.15,0 / 1.72,aci
solvent_595 / solvent_844,1 / 0,298.15,0 / 1.56,aci
solvent_595 / solvent_900,1 / 0,298.15,0 / 1.69,aci
solvent_595 / solvent_126,1 / 0,298.15,0 / 1.38,aci
solvent_595 / solvent_123,1 / 0,298.15,0 / 1.89,aci
solvent_595 / solvent_18,1 / 0,298.15,0 / -0.25,aci
solvent_595 / solvent_365,1 / 0,298.15,0 / 1.02,aci
solvent_595 / solvent_93,1 / 0,298.15,0 / 0.38,aci
solvent_851 / solvent_60,1 / 0,298.15,0 / 1.38,aci
solvent_851 / solvent_50,1 / 0,298.15,0 / 1.18,aci
solvent_851 / solvent_18,1 / 0,298.15,0 / 0.04,aci
solvent_851 / solvent_365,1 / 0,298.15,0 / 0.81,aci
solvent_851 / solvent_93,1 / 0,298.15,0 / 0.39,aci
solvent_874 / solvent_50,1 / 0,298.15,0 / 0.67,aci
solvent_874 / solvent_19,1 / 0,298.15,0 / 0.9,aci
solvent_241 / solvent_5,1 / 0,298.15,0 / 0.39,aci
solvent_241 / solvent_60,1 / 0,298.15,0 / 0.52,aci
solvent_241 / solvent_50,1 / 0,298.15,0 / 0.41,aci
solvent_241 / solvent_190,1 / 0,298.15,0 / 0.51,aci
solvent_241 / solvent_19,1 / 0,298.15,0 / 0.6,aci
solvent_241 / solvent_128,1 / 0,298.15,0 / 0.51,aci
solvent_241 / solvent_44,1 / 0,298.15,0 / 0.68,aci
solvent_241 / solvent_844,1 / 0,298.15,0 / 0.58,aci
solvent_241 / solvent_900,1 / 0,298.15,0 / 0.65,aci
solvent_241 / solvent_126,1 / 0,298.15,0 / 0.55,aci
solvent_241 / solvent_123,1 / 0,298.15,0 / 0.77,aci
solvent_120 / solvent_19,1 / 0,298.15,0 / 0.77,aci
solvent_798 / solvent_60,1 / 0,298.15,0 / 4.38,aci
solvent_798 / solvent_18,1 / 0,298.15,0 / 2.05,aci
solvent_811 / solvent_60,1 / 0,298.15,0 / 4.56,aci
solvent_811 / solvent_18,1 / 0,298.15,0 / 1.16,aci
solvent_906 / solvent_5,1 / 0,298.15,0 / 1.1,aci
solvent_906 / solvent_251,1 / 0,298.15,0 / 1.17,aci
solvent_906 / solvent_60,1 / 0,298.15,0 / 1.06,aci
solvent_906 / solvent_50,1 / 0,298.15,0 / 0.78,aci
solvent_906 / solvent_18,1 / 0,298.15,0 / 0.01,aci
solvent_906 / solvent_365,1 / 0,298.15,0 / 0.68,aci
solvent_906 / solvent_93,1 / 0,298.15,0 / 0.44,aci
solvent_256 / solvent_5,1 / 0,298.15,0 / 3.29,aci
solvent_256 / solvent_60,1 / 0,298.15,0 / 3.61,aci
solvent_256 / solvent_50,1 / 0,298.15,0 / 2.6,aci
solvent_256 / solvent_190,1 / 0,298.15,0 / 3.71,aci
solvent_256 / solvent_19,1 / 0,298.15,0 / 3.94,aci
solvent_256 / solvent_128,1 / 0,298.15,0 / 4.14,aci
solvent_256 / solvent_44,1 / 0,298.15,0 / 4.13,aci
solvent_256 / solvent_844,1 / 0,298.15,0 / 4.07,aci
solvent_256 / solvent_126,1 / 0,298.15,0 / 3.3,aci
solvent_256 / solvent_123,1 / 0,298.15,0 / 4.58,aci
solvent_256 / solvent_822,1 / 0,298.15,0 / 4.36,aci
solvent_256 / solvent_3,1 / 0,298.15,0 / 1.35,aci
solvent_879 / solvent_19,1 / 0,298.15,0 / 0.83,aci
solvent_172 / solvent_5,1 / 0,298.15,0 / 2.01,aci
solvent_172 / solvent_60,1 / 0,298.15,0 / 2.15,aci
solvent_172 / solvent_50,1 / 0,298.15,0 / 1.73,aci
solvent_172 / solvent_19,1 / 0,298.15,0 / 2.3,aci
solvent_172 / solvent_44,1 / 0,298.15,0 / 2.47,aci
solvent_172 / solvent_18,1 / 0,298.15,0 / 0.79,aci
solvent_172 / solvent_3,1 / 0,298.15,0 / 0.85,aci
solvent_172 / solvent_365,1 / 0,298.15,0 / 1.49,aci
solvent_172 / solvent_93,1 / 0,298.15,0 / 1.18,aci
solvent_13 / solvent_1,1 / 0,298.15,0 / 0.29,aci
solvent_13 / solvent_22,1 / 0,298.15,0 / 0.67,aci
solvent_13 / solvent_27,1 / 0,298.15,0 / 0.77,aci
solvent_13 / solvent_17,1 / 0,298.15,0 / 1.26,aci
solvent_13 / solvent_73,1 / 0,298.15,0 / 1.33,aci
solvent_13 / solvent_254,1 / 0,298.15,0 / 1.44,aci
solvent_13 / solvent_112,1 / 0,298.15,0 / 1.22,aci
solvent_13 / solvent_32,1 / 0,298.15,0 / 0.64,aci
solvent_13 / solvent_12,1 / 0,298.15,0 / 0.59,aci
solvent_13 / solvent_189,1 / 0,298.15,0 / 0.45,aci
solvent_13 / solvent_630,1 / 0,298.15,0 / 0.55,aci
solvent_13 / solvent_643,1 / 0,298.15,0 / 0.7,aci
solvent_13 / solvent_87,1 / 0,298.15,0 / 0.9,aci
solvent_13 / solvent_57,1 / 0,298.15,0 / 0.85,aci
solvent_13 / solvent_4,1 / 0,298.15,0 / 2.03,aci
solvent_13 / solvent_7,1 / 0,298.15,0 / -0.02,aci
solvent_11 / solvent_5,1 / 0,298.15,0 / 1.53,aci
solvent_11 / solvent_60,1 / 0,298.15,0 / 1.77,aci
solvent_11 / solvent_50,1 / 0,298.15,0 / 1.66,aci
solvent_11 / solvent_190,1 / 0,298.15,0 / 1.71,aci
solvent_11 / solvent_19,1 / 0,298.15,0 / 1.96,aci
solvent_11 / solvent_128,1 / 0,298.15,0 / 1.84,aci
solvent_11 / solvent_44,1 / 0,298.15,0 / 2.14,aci
solvent_11 / solvent_844,1 / 0,298.15,0 / 1.93,aci
solvent_11 / solvent_900,1 / 0,298.15,0 / 2.01,aci
solvent_11 / solvent_126,1 / 0,298.15,0 / 2.01,aci
solvent_11 / solvent_123,1 / 0,298.15,0 / 2.34,aci
solvent_166 / solvent_50,1 / 0,298.15,0 / 0.3,aci
solvent_166 / solvent_802,1 / 0,298.15,0 / 0.01,aci
solvent_2 / solvent_50,1 / 0,298.15,0 / 0.01,aci
solvent_2 / solvent_18,1 / 0,298.15,0 / 0.57,aci
solvent_2 / solvent_3,1 / 0,298.15,0 / 0.45,aci
solvent_234 / solvent_18,1 / 0,298.15,0 / 0.55,aci
solvent_234 / solvent_3,1 / 0,298.15,0 / 0.46,aci
solvent_87 / solvent_50,1 / 0,298.15,0 / 1.08,aci
solvent_87 / solvent_190,1 / 0,298.15,0 / 1.25,aci
solvent_87 / solvent_19,1 / 0,298.15,0 / 1.26,aci
solvent_87 / solvent_128,1 / 0,298.15,0 / 1.28,aci
solvent_87 / solvent_44,1 / 0,298.15,0 / 1.4,aci
solvent_87 / solvent_844,1 / 0,298.15,0 / 1.28,aci
solvent_87 / solvent_900,1 / 0,298.15,0 / 1.33,aci
solvent_87 / solvent_126,1 / 0,298.15,0 / 1.25,aci
solvent_87 / solvent_123,1 / 0,298.15,0 / 1.5,aci
solvent_87 / solvent_822,1 / 0,298.15,0 / 1.36,aci
solvent_654 / solvent_1,1 / 0,298.15,0 / 3.48,aci
solvent_654 / solvent_112,1 / 0,298.15,0 / 0.45,aci
solvent_654 / solvent_12,1 / 0,298.15,0 / 1.36,aci
solvent_370 / solvent_50,1 / 0,298.15,0 / 0.6,aci
solvent_370 / solvent_19,1 / 0,298.15,0 / 0.62,aci
solvent_95 / solvent_824,1 / 0,298.15,0 / -0.15,aci
solvent_142 / solvent_5,1 / 0,298.15,0 / 5.95,aci
solvent_142 / solvent_136,1 / 0,298.15,0 / 4.79,aci
solvent_142 / solvent_60,1 / 0,298.15,0 / 6.31,aci
solvent_142 / solvent_50,1 / 0,298.15,0 / 5.2,aci
solvent_142 / solvent_19,1 / 0,298.15,0 / 6.55,aci
solvent_142 / solvent_818,1 / 0,298.15,0 / 5.48,aci
solvent_142 / solvent_44,1 / 0,298.15,0 / 7.07,aci
solvent_142 / solvent_227,1 / 0,298.15,0 / 5.84,aci
solvent_142 / solvent_123,1 / 0,298.15,0 / 7.38,aci
solvent_142 / solvent_18,1 / 0,298.15,0 / 2.87,aci
solvent_142 / solvent_3,1 / 0,298.15,0 / 3.38,aci
solvent_142 / solvent_24,1 / 0,298.15,0 / 4.02,aci
solvent_142 / solvent_25,1 / 0,298.15,0 / 3.99,aci
solvent_142 / solvent_191,1 / 0,298.15,0 / 3.86,aci
solvent_142 / solvent_102,1 / 0,298.15,0 / 5.46,aci
solvent_142 / solvent_309,1 / 0,298.15,0 / 5.86,aci
solvent_142 / solvent_46,1 / 0,298.15,0 / 6.31,aci
solvent_142 / solvent_824,1 / 0,298.15,0 / 3.69,aci
solvent_142 / solvent_141,1 / 0,298.15,0 / 4.19,aci
solvent_142 / solvent_903,1 / 0,298.15,0 / 4.71,aci
solvent_24 / solvent_50,1 / 0,298.15,0 / 0.39,aci
solvent_857 / solvent_5,1 / 0,298.15,0 / 0.21,aci
solvent_857 / solvent_60,1 / 0,298.15,0 / 0.27,aci
solvent_857 / solvent_50,1 / 0,298.15,0 / 0.01,aci
solvent_857 / solvent_19,1 / 0,298.15,0 / 0.31,aci
solvent_857 / solvent_18,1 / 0,298.15,0 / -0.51,aci
solvent_857 / solvent_13,1 / 0,298.15,0 / -0.39,aci
solvent_857 / solvent_66,1 / 0,298.15,0 / 0.15,aci
solvent_857 / solvent_9,1 / 0,298.15,0 / -0.42,aci
solvent_857 / solvent_8,1 / 0,298.15,0 / -0.04,aci
solvent_857 / solvent_32,1 / 0,298.15,0 / 0.13,aci
solvent_857 / solvent_87,1 / 0,298.15,0 / -1.43,aci
solvent_857 / solvent_4,1 / 0,298.15,0 / -0.58,aci
solvent_661 / solvent_5,1 / 0,298.15,0 / 2.17,aci
solvent_661 / solvent_60,1 / 0,298.15,0 / 2.43,aci
solvent_661 / solvent_50,1 / 0,298.15,0 / 2.08,aci
solvent_661 / solvent_190,1 / 0,298.15,0 / 2.38,aci
solvent_661 / solvent_19,1 / 0,298.15,0 / 2.65,aci
solvent_661 / solvent_128,1 / 0,298.15,0 / 2.6,aci
solvent_661 / solvent_44,1 / 0,298.15,0 / 2.9,aci
solvent_661 / solvent_844,1 / 0,298.15,0 / 2.66,aci
solvent_661 / solvent_900,1 / 0,298.15,0 / 2.85,aci
solvent_661 / solvent_126,1 / 0,298.15,0 / 2.53,aci
solvent_661 / solvent_123,1 / 0,298.15,0 / 3.15,aci
solvent_661 / solvent_822,1 / 0,298.15,0 / 2.75,aci
solvent_661 / solvent_18,1 / 0,298.15,0 / 0.36,aci
solvent_661 / solvent_3,1 / 0,298.15,0 / 0.47,aci
solvent_661 / solvent_124,1 / 0,298.15,0 / 1.6,aci
solvent_661 / solvent_1,1 / 0,298.15,0 / -0.69,aci
solvent_661 / solvent_112,1 / 0,298.15,0 / 0.17,aci
solvent_661 / solvent_12,1 / 0,298.15,0 / 0.14,aci
solvent_80 / solvent_60,1 / 0,298.15,0 / 2.97,aci
solvent_80 / solvent_18,1 / 0,298.15,0 / 0.34,aci
solvent_80 / solvent_5,1 / 0,298.15,0 / 2.64,aci
solvent_80 / solvent_50,1 / 0,298.15,0 / 2.65,aci
solvent_80 / solvent_190,1 / 0,298.15,0 / 2.96,aci
solvent_80 / solvent_234,1 / 0,298.15,0 / 2.51,aci
solvent_80 / solvent_19,1 / 0,298.15,0 / 3.35,aci
solvent_80 / solvent_128,1 / 0,298.15,0 / 3.24,aci
solvent_80 / solvent_818,1 / 0,298.15,0 / 2.91,aci
solvent_80 / solvent_2,1 / 0,298.15,0 / 2.75,aci
solvent_80 / solvent_44,1 / 0,298.15,0 / 3.61,aci
solvent_80 / solvent_227,1 / 0,298.15,0 / 3.25,aci
solvent_80 / solvent_49,1 / 0,298.15,0 / 3.35,aci
solvent_80 / solvent_844,1 / 0,298.15,0 / 3.35,aci
solvent_80 / solvent_900,1 / 0,298.15,0 / 3.34,aci
solvent_80 / solvent_126,1 / 0,298.15,0 / 3.19,aci
solvent_80 / solvent_123,1 / 0,298.15,0 / 3.99,aci
solvent_80 / solvent_822,1 / 0,298.15,0 / 3.73,aci
solvent_80 / solvent_3,1 / 0,298.15,0 / 0.65,aci
solvent_80 / solvent_124,1 / 0,298.15,0 / 2.05,aci
solvent_80 / solvent_102,1 / 0,298.15,0 / 2.31,aci
solvent_80 / solvent_176,1 / 0,298.15,0 / 1.76,aci
solvent_80 / solvent_309,1 / 0,298.15,0 / 2.56,aci
solvent_80 / solvent_46,1 / 0,298.15,0 / 2.83,aci
solvent_80 / solvent_824,1 / 0,298.15,0 / 0.84,aci
solvent_80 / solvent_141,1 / 0,298.15,0 / 1.12,aci
solvent_80 / solvent_903,1 / 0,298.15,0 / 1.38,aci
solvent_905 / solvent_24,1 / 0,298.15,0 / -0.27,aci
solvent_905 / solvent_25,1 / 0,298.15,0 / -0.3,aci
solvent_905 / solvent_41,1 / 0,298.15,0 / -0.22,aci
solvent_905 / solvent_233,1 / 0,298.15,0 / -0.17,aci
solvent_905 / solvent_178,1 / 0,298.15,0 / -0.26,aci
solvent_905 / solvent_146,1 / 0,298.15,0 / -0.15,aci
solvent_115 / solvent_50,1 / 0,298.15,0 / 1.13,aci
solvent_27 / solvent_5,1 / 0,298.15,0 / 1.44,aci
solvent_27 / solvent_60,1 / 0,298.15,0 / 1.61,aci
solvent_27 / solvent_19,1 / 0,298.15,0 / 1.75,aci
solvent_27 / solvent_44,1 / 0,298.15,0 / 1.87,aci
solvent_27 / solvent_50,1 / 0,298.15,0 / 1.44,aci
solvent_27 / solvent_190,1 / 0,298.15,0 / 1.61,aci
solvent_27 / solvent_128,1 / 0,298.15,0 / 1.72,aci
solvent_27 / solvent_844,1 / 0,298.15,0 / 1.78,aci
solvent_27 / solvent_900,1 / 0,298.15,0 / 1.85,aci
solvent_27 / solvent_126,1 / 0,298.15,0 / 1.76,aci
solvent_27 / solvent_123,1 / 0,298.15,0 / 2.13,aci
solvent_27 / solvent_822,1 / 0,298.15,0 / 1.83,aci
solvent_27 / solvent_18,1 / 0,298.15,0 / 1.07,aci
solvent_27 / solvent_3,1 / 0,298.15,0 / 1.23,aci
solvent_27 / solvent_124,1 / 0,298.15,0 / 1.24,aci
solvent_27 / solvent_394,1 / 0,298.15,0 / 1.21,aci
solvent_27 / solvent_93,1 / 0,298.15,0 / 1.05,aci
solvent_27 / solvent_102,1 / 0,298.15,0 / 1.55,aci
solvent_118 / solvent_19,1 / 0,298.15,0 / 0.89,aci
solvent_118 / solvent_41,1 / 0,298.15,0 / 0.41,aci
solvent_97 / solvent_723,1 / 0,298.15,0 / 0.02,aci
solvent_97 / solvent_99,1 / 0,298.15,0 / 0,aci
solvent_97 / solvent_87,1 / 0,298.15,0 / 0.02,aci
solvent_97 / solvent_57,1 / 0,298.15,0 / -0.07,aci
solvent_97 / solvent_544,1 / 0,298.15,0 / 0.02,aci
solvent_97 / solvent_40,1 / 0,298.15,0 / 1.65,aci
solvent_97 / solvent_553,1 / 0,298.15,0 / 0.25,aci
solvent_97 / solvent_20,1 / 0,298.15,0 / 0.44,aci
solvent_800 / solvent_5,1 / 0,298.15,0 / 0.01,aci
solvent_800 / solvent_60,1 / 0,298.15,0 / 0.09,aci
solvent_800 / solvent_18,1 / 0,298.15,0 / -0.05,aci
solvent_800 / solvent_24,1 / 0,298.15,0 / -0.27,aci
solvent_800 / solvent_25,1 / 0,298.15,0 / -0.3,aci
solvent_800 / solvent_191,1 / 0,298.15,0 / -0.26,aci
solvent_800 / solvent_41,1 / 0,298.15,0 / -0.2,aci
solvent_800 / solvent_233,1 / 0,298.15,0 / -0.16,aci
solvent_800 / solvent_178,1 / 0,298.15,0 / -0.24,aci
solvent_800 / solvent_146,1 / 0,298.15,0 / -0.13,aci
solvent_800 / solvent_124,1 / 0,298.15,0 / -0.08,aci
solvent_800 / solvent_102,1 / 0,298.15,0 / -0.05,aci
solvent_800 / solvent_309,1 / 0,298.15,0 / -0.02,aci
solvent_113 / solvent_5,1 / 0,298.15,0 / -0.13,aci
solvent_113 / solvent_60,1 / 0,298.15,0 / -0.03,aci
solvent_113 / solvent_50,1 / 0,298.15,0 / -0.07,aci
solvent_113 / solvent_190,1 / 0,298.15,0 / -0.02,aci
solvent_113 / solvent_19,1 / 0,298.15,0 / -0.03,aci
solvent_113 / solvent_128,1 / 0,298.15,0 / 0.02,aci
solvent_113 / solvent_44,1 / 0,298.15,0 / 0.03,aci
solvent_113 / solvent_844,1 / 0,298.15,0 / -0.01,aci
solvent_113 / solvent_900,1 / 0,298.15,0 / 0.06,aci
solvent_113 / solvent_126,1 / 0,298.15,0 / 0.01,aci
solvent_113 / solvent_123,1 / 0,298.15,0 / 0.17,aci
solvent_113 / solvent_822,1 / 0,298.15,0 / 0.05,aci
solvent_113 / solvent_18,1 / 0,298.15,0 / 0.4,aci
solvent_113 / solvent_3,1 / 0,298.15,0 / 0.23,aci
solvent_113 / solvent_1,1 / 0,298.15,0 / 3.74,aci
solvent_113 / solvent_112,1 / 0,298.15,0 / 1.15,aci
solvent_113 / solvent_12,1 / 0,298.15,0 / 1.42,aci
solvent_75 / solvent_60,1 / 0,298.15,0 / 0.85,aci
solvent_36 / solvent_5,1 / 0,298.15,0 / -0.08,aci
solvent_36 / solvent_136,1 / 0,298.15,0 / -0.14,aci
solvent_36 / solvent_60,1 / 0,298.15,0 / -0.01,aci
solvent_36 / solvent_50,1 / 0,298.15,0 / -0.08,aci
solvent_36 / solvent_190,1 / 0,298.15,0 / 0.02,aci
solvent_36 / solvent_19,1 / 0,298.15,0 / 0.02,aci
solvent_36 / solvent_128,1 / 0,298.15,0 / 0.07,aci
solvent_36 / solvent_44,1 / 0,298.15,0 / 0.04,aci
solvent_36 / solvent_844,1 / 0,298.15,0 / 0.01,aci
solvent_36 / solvent_900,1 / 0,298.15,0 / 0.09,aci
solvent_36 / solvent_126,1 / 0,298.15,0 / -0.03,aci
solvent_36 / solvent_123,1 / 0,298.15,0 / 0.06,aci
solvent_36 / solvent_18,1 / 0,298.15,0 / 0.25,aci
solvent_76 / solvent_5,1 / 0,298.15,0 / 0.67,aci
solvent_76 / solvent_60,1 / 0,298.15,0 / 0.76,aci
solvent_76 / solvent_50,1 / 0,298.15,0 / 0.57,aci
solvent_76 / solvent_19,1 / 0,298.15,0 / 0.86,aci
solvent_76 / solvent_2,1 / 0,298.15,0 / 0.64,aci
solvent_76 / solvent_49,1 / 0,298.15,0 / 0.71,aci
solvent_76 / solvent_18,1 / 0,298.15,0 / 0.81,aci
solvent_76 / solvent_124,1 / 0,298.15,0 / 0.59,aci
solvent_76 / solvent_102,1 / 0,298.15,0 / 0.71,aci
solvent_76 / solvent_309,1 / 0,298.15,0 / 0.79,aci
solvent_76 / solvent_723,1 / 0,298.15,0 / 0.65,aci
solvent_76 / solvent_97,1 / 0,298.15,0 / 0.7,aci
solvent_35 / solvent_11,1 / 0,298.15,0 / 0.94,aci
solvent_1 / solvent_5,1 / 0,298.15,0 / 2.14,aci
solvent_1 / solvent_60,1 / 0,298.15,0 / 2.41,aci
solvent_1 / solvent_19,1 / 0,298.15,0 / 2.53,aci
solvent_1 / solvent_44,1 / 0,298.15,0 / 2.77,aci
solvent_1 / solvent_18,1 / 0,298.15,0 / 1.67,aci
solvent_1 / solvent_50,1 / 0,298.15,0 / 2.2,aci
solvent_1 / solvent_190,1 / 0,298.15,0 / 2.33,aci
solvent_1 / solvent_128,1 / 0,298.15,0 / 2.43,aci
solvent_1 / solvent_49,1 / 0,298.15,0 / 2.63,aci
solvent_1 / solvent_844,1 / 0,298.15,0 / 2.58,aci
solvent_1 / solvent_900,1 / 0,298.15,0 / 2.66,aci
solvent_1 / solvent_126,1 / 0,298.15,0 / 2.6,aci
solvent_1 / solvent_123,1 / 0,298.15,0 / 3.01,aci
solvent_1 / solvent_822,1 / 0,298.15,0 / 2.61,aci
solvent_1 / solvent_3,1 / 0,298.15,0 / 1.75,aci
solvent_853 / solvent_5,1 / 0,298.15,0 / 1.97,aci
solvent_853 / solvent_60,1 / 0,298.15,0 / 2.13,aci
solvent_853 / solvent_50,1 / 0,298.15,0 / 1.7,aci
solvent_853 / solvent_19,1 / 0,298.15,0 / 2.3,aci
solvent_853 / solvent_44,1 / 0,298.15,0 / 2.47,aci
solvent_853 / solvent_18,1 / 0,298.15,0 / -0.15,aci
solvent_853 / solvent_3,1 / 0,298.15,0 / 0.11,aci
solvent_853 / solvent_124,1 / 0,298.15,0 / 1.4,aci
solvent_853 / solvent_102,1 / 0,298.15,0 / 1.56,aci
solvent_853 / solvent_176,1 / 0,298.15,0 / 1.12,aci
solvent_853 / solvent_309,1 / 0,298.15,0 / 1.68,aci
solvent_853 / solvent_46,1 / 0,298.15,0 / 1.81,aci
solvent_853 / solvent_9,1 / 0,298.15,0 / 0.25,aci
solvent_853 / solvent_95,1 / 0,298.15,0 / 1.07,aci
solvent_853 / solvent_889,1 / 0,298.15,0 / 1.39,aci
solvent_853 / solvent_85,1 / 0,298.15,0 / 1.19,aci
solvent_853 / solvent_8,1 / 0,298.15,0 / 1.05,aci
solvent_853 / solvent_47,1 / 0,298.15,0 / 1.55,aci
solvent_853 / solvent_32,1 / 0,298.15,0 / 0.2,aci
solvent_853 / solvent_12,1 / 0,298.15,0 / 0.19,aci
solvent_853 / solvent_189,1 / 0,298.15,0 / 0.23,aci
solvent_853 / solvent_188,1 / 0,298.15,0 / 0.08,aci
solvent_853 / solvent_87,1 / 0,298.15,0 / -1.31,aci
solvent_812 / solvent_60,1 / 0,298.15,0 / 3.95,aci
solvent_812 / solvent_50,1 / 0,298.15,0 / 3.25,aci
solvent_812 / solvent_19,1 / 0,298.15,0 / 4.19,aci
solvent_812 / solvent_44,1 / 0,298.15,0 / 4.55,aci
solvent_812 / solvent_123,1 / 0,298.15,0 / 4.81,aci
solvent_812 / solvent_18,1 / 0,298.15,0 / 0.93,aci
solvent_812 / solvent_3,1 / 0,298.15,0 / 1.3,aci
solvent_19 / solvent_60,1 / 0,298.15,0 / 0.01,aci
solvent_19 / solvent_18,1 / 0,298.15,0 / 0.52,aci
solvent_19 / solvent_5,1 / 0,298.15,0 / -0.05,aci
solvent_19 / solvent_136,1 / 0,298.15,0 / 0.09,aci
solvent_19 / solvent_50,1 / 0,298.15,0 / 0.09,aci
solvent_19 / solvent_190,1 / 0,298.15,0 / 0,aci
solvent_19 / solvent_19,1 / 0,298.15,0 / 0.05,aci
solvent_19 / solvent_128,1 / 0,298.15,0 / 0.04,aci
solvent_19 / solvent_818,1 / 0,298.15,0 / 0.2,aci
solvent_19 / solvent_44,1 / 0,298.15,0 / 0.05,aci
solvent_19 / solvent_227,1 / 0,298.15,0 / 0.26,aci
solvent_19 / solvent_844,1 / 0,298.15,0 / 0.04,aci
solvent_19 / solvent_900,1 / 0,298.15,0 / 0.1,aci
solvent_19 / solvent_126,1 / 0,298.15,0 / 0.09,aci
solvent_19 / solvent_123,1 / 0,298.15,0 / 0.06,aci
solvent_19 / solvent_886,1 / 0,298.15,0 / 0.22,aci
solvent_19 / solvent_3,1 / 0,298.15,0 / 0.32,aci
solvent_19 / solvent_25,1 / 0,298.15,0 / 0.33,aci
solvent_19 / solvent_41,1 / 0,298.15,0 / 0.43,aci
solvent_19 / solvent_78,1 / 0,298.15,0 / 0.33,aci
solvent_19 / solvent_124,1 / 0,298.15,0 / -0.02,aci
solvent_19 / solvent_394,1 / 0,298.15,0 / -0.03,aci
solvent_19 / solvent_93,1 / 0,298.15,0 / 0.03,aci
solvent_19 / solvent_13,1 / 0,298.15,0 / 4.3,aci
solvent_19 / solvent_1,1 / 0,298.15,0 / 3.9,aci
solvent_19 / solvent_22,1 / 0,298.15,0 / 3.71,aci
solvent_19 / solvent_27,1 / 0,298.15,0 / 3.61,aci
solvent_19 / solvent_66,1 / 0,298.15,0 / 1.17,aci
solvent_19 / solvent_6,1 / 0,298.15,0 / 1.02,aci
solvent_19 / solvent_112,1 / 0,298.15,0 / 1.34,aci
solvent_19 / solvent_889,1 / 0,298.15,0 / 0.19,aci
solvent_19 / solvent_32,1 / 0,298.15,0 / 1.91,aci
solvent_19 / solvent_12,1 / 0,298.15,0 / 1.51,aci
solvent_19 / solvent_472,1 / 0,298.15,0 / 2,aci
solvent_19 / solvent_450,1 / 0,298.15,0 / 2.25,aci
solvent_19 / solvent_860,1 / 0,298.15,0 / 3.52,aci
solvent_19 / solvent_723,1 / 0,298.15,0 / 0.38,aci
solvent_19 / solvent_99,1 / 0,298.15,0 / 0.36,aci
solvent_19 / solvent_87,1 / 0,298.15,0 / 0.77,aci
solvent_19 / solvent_57,1 / 0,298.15,0 / 0.38,aci
solvent_19 / solvent_4,1 / 0,298.15,0 / 0.18,aci
solvent_19 / solvent_544,1 / 0,298.15,0 / 0.48,aci
solvent_19 / solvent_15,1 / 0,298.15,0 / 3.57,aci
solvent_19 / solvent_111,1 / 0,298.15,0 / 3.03,aci
solvent_19 / solvent_455,1 / 0,298.15,0 / 2.5,aci
solvent_19 / solvent_40,1 / 0,298.15,0 / 3.65,aci
solvent_19 / solvent_197,1 / 0,298.15,0 / 2.93,aci
solvent_19 / solvent_711,1 / 0,298.15,0 / 3.43,aci
solvent_19 / solvent_553,1 / 0,298.15,0 / 0.63,aci
solvent_19 / solvent_118,1 / 0,298.15,0 / 0.24,aci
solvent_19 / solvent_20,1 / 0,298.15,0 / 0.25,aci
solvent_19 / solvent_370,1 / 0,298.15,0 / 0.4,aci
solvent_19 / solvent_249,1 / 0,298.15,0 / 0.44,aci
solvent_19 / solvent_908,1 / 0,298.15,0 / 0.31,aci
solvent_19 / solvent_325,1 / 0,298.15,0 / 0.74,aci
solvent_19 / solvent_497,1 / 0,298.15,0 / 0.74,aci
solvent_19 / solvent_864,1 / 0,298.15,0 / 0.69,aci
solvent_254 / solvent_5,1 / 0,298.15,0 / 1.07,aci
solvent_254 / solvent_60,1 / 0,298.15,0 / 1.13,aci
solvent_254 / solvent_136,1 / 0,298.15,0 / 0.8,aci
solvent_254 / solvent_50,1 / 0,298.15,0 / 0.92,aci
solvent_254 / solvent_234,1 / 0,298.15,0 / 0.94,aci
solvent_254 / solvent_18,1 / 0,298.15,0 / 0.75,aci
solvent_592 / solvent_5,1 / 0,298.15,0 / -0.18,aci
solvent_592 / solvent_251,1 / 0,298.15,0 / -0.12,aci
solvent_592 / solvent_60,1 / 0,298.15,0 / -0.11,aci
solvent_592 / solvent_50,1 / 0,298.15,0 / -0.25,aci
solvent_592 / solvent_190,1 / 0,298.15,0 / -0.11,aci
solvent_592 / solvent_132,1 / 0,298.15,0 / -0.17,aci
solvent_592 / solvent_135,1 / 0,298.15,0 / -0.16,aci
solvent_592 / solvent_815,1 / 0,298.15,0 / -0.09,aci
solvent_592 / solvent_19,1 / 0,298.15,0 / -0.08,aci
solvent_592 / solvent_44,1 / 0,298.15,0 / -0.05,aci
solvent_592 / solvent_18,1 / 0,298.15,0 / 0.07,aci
solvent_592 / solvent_136,1 / 0,298.15,0 / -0.34,aci
solvent_592 / solvent_128,1 / 0,298.15,0 / -0.04,aci
solvent_592 / solvent_49,1 / 0,298.15,0 / -0.03,aci
solvent_592 / solvent_844,1 / 0,298.15,0 / -0.1,aci
solvent_592 / solvent_900,1 / 0,298.15,0 / 0.02,aci
solvent_592 / solvent_126,1 / 0,298.15,0 / -0.19,aci
solvent_592 / solvent_123,1 / 0,298.15,0 / -0.02,aci
solvent_592 / solvent_822,1 / 0,298.15,0 / -0.07,aci
solvent_592 / solvent_3,1 / 0,298.15,0 / -0.02,aci
solvent_592 / solvent_24,1 / 0,298.15,0 / 0.05,aci
solvent_592 / solvent_25,1 / 0,298.15,0 / 0.01,aci
solvent_592 / solvent_191,1 / 0,298.15,0 / 0.1,aci
solvent_592 / solvent_41,1 / 0,298.15,0 / 0.13,aci
solvent_592 / solvent_178,1 / 0,298.15,0 / 0.02,aci
solvent_592 / solvent_124,1 / 0,298.15,0 / -0.06,aci
solvent_592 / solvent_102,1 / 0,298.15,0 / -0.05,aci
solvent_592 / solvent_309,1 / 0,298.15,0 / -0.04,aci
solvent_592 / solvent_46,1 / 0,298.15,0 / -0.06,aci
solvent_592 / solvent_841,1 / 0,298.15,0 / 0.17,aci
solvent_592 / solvent_13,1 / 0,298.15,0 / 4.09,aci
solvent_592 / solvent_1,1 / 0,298.15,0 / 3.55,aci
solvent_592 / solvent_22,1 / 0,298.15,0 / 3.19,aci
solvent_592 / solvent_38,1 / 0,298.15,0 / 3.1,aci
solvent_592 / solvent_27,1 / 0,298.15,0 / 3.15,aci
solvent_592 / solvent_23,1 / 0,298.15,0 / 2.82,aci
solvent_592 / solvent_63,1 / 0,298.15,0 / 3.24,aci
solvent_592 / solvent_62,1 / 0,298.15,0 / 2.67,aci
solvent_592 / solvent_17,1 / 0,298.15,0 / 3.12,aci
solvent_592 / solvent_212,1 / 0,298.15,0 / 3.26,aci
solvent_592 / solvent_73,1 / 0,298.15,0 / 2.94,aci
solvent_592 / solvent_74,1 / 0,298.15,0 / 3.01,aci
solvent_592 / solvent_100,1 / 0,298.15,0 / 3.07,aci
solvent_592 / solvent_172,1 / 0,298.15,0 / 3.04,aci
solvent_592 / solvent_11,1 / 0,298.15,0 / 0.54,aci
solvent_592 / solvent_65,1 / 0,298.15,0 / -0.07,aci
solvent_592 / solvent_187,1 / 0,298.15,0 / -0.22,aci
solvent_592 / solvent_893,1 / 0,298.15,0 / -0.26,aci
solvent_592 / solvent_883,1 / 0,298.15,0 / -0.49,aci
solvent_592 / solvent_66,1 / 0,298.15,0 / 0.38,aci
solvent_592 / solvent_235,1 / 0,298.15,0 / -0.58,aci
solvent_592 / solvent_96,1 / 0,298.15,0 / 0.41,aci
solvent_592 / solvent_6,1 / 0,298.15,0 / 0.31,aci
solvent_592 / solvent_434,1 / 0,298.15,0 / -0.24,aci
solvent_592 / solvent_9,1 / 0,298.15,0 / 0.17,aci
solvent_592 / solvent_112,1 / 0,298.15,0 / 0.88,aci
solvent_592 / solvent_8,1 / 0,298.15,0 / 0.03,aci
solvent_592 / solvent_436,1 / 0,298.15,0 / 0.76,aci
solvent_592 / solvent_12,1 / 0,298.15,0 / 1.23,aci
solvent_592 / solvent_189,1 / 0,298.15,0 / 1.15,aci
solvent_592 / solvent_185,1 / 0,298.15,0 / 1.73,aci
solvent_592 / solvent_56,1 / 0,298.15,0 / 1.12,aci
solvent_592 / solvent_115,1 / 0,298.15,0 / 1.06,aci
solvent_592 / solvent_723,1 / 0,298.15,0 / 0.15,aci
solvent_592 / solvent_97,1 / 0,298.15,0 / 0.19,aci
solvent_592 / solvent_99,1 / 0,298.15,0 / 0.27,aci
solvent_592 / solvent_87,1 / 0,298.15,0 / 0.36,aci
solvent_592 / solvent_57,1 / 0,298.15,0 / 0.08,aci
solvent_592 / solvent_4,1 / 0,298.15,0 / -0.19,aci
solvent_592 / solvent_108,1 / 0,298.15,0 / 0.22,aci
solvent_592 / solvent_544,1 / 0,298.15,0 / 0.25,aci
solvent_592 / solvent_15,1 / 0,298.15,0 / 2.98,aci
solvent_592 / solvent_111,1 / 0,298.15,0 / 2.54,aci
solvent_592 / solvent_455,1 / 0,298.15,0 / 2.26,aci
solvent_592 / solvent_40,1 / 0,298.15,0 / 3.1,aci
solvent_592 / solvent_197,1 / 0,298.15,0 / 2.57,aci
solvent_592 / solvent_366,1 / 0,298.15,0 / 2.3,aci
solvent_592 / solvent_553,1 / 0,298.15,0 / 0.22,aci
solvent_592 / solvent_119,1 / 0,298.15,0 / 0.1,aci
solvent_592 / solvent_121,1 / 0,298.15,0 / 0.11,aci
solvent_592 / solvent_7,1 / 0,298.15,0 / -0.07,aci
solvent_60 / solvent_18,1 / 0,298.15,0 / 0.52,aci
solvent_60 / solvent_5,1 / 0,298.15,0 / -0.04,aci
solvent_60 / solvent_50,1 / 0,298.15,0 / 0.12,aci
solvent_60 / solvent_190,1 / 0,298.15,0 / -0.03,aci
solvent_60 / solvent_19,1 / 0,298.15,0 / -0.01,aci
solvent_60 / solvent_128,1 / 0,298.15,0 / -0.12,aci
solvent_60 / solvent_44,1 / 0,298.15,0 / 0.06,aci
solvent_60 / solvent_844,1 / 0,298.15,0 / 0.07,aci
solvent_60 / solvent_900,1 / 0,298.15,0 / 0.07,aci
solvent_60 / solvent_126,1 / 0,298.15,0 / 0.16,aci
solvent_60 / solvent_123,1 / 0,298.15,0 / 0.08,aci
solvent_60 / solvent_822,1 / 0,298.15,0 / 0.03,aci
solvent_60 / solvent_3,1 / 0,298.15,0 / 0.5,aci
solvent_60 / solvent_1,1 / 0,298.15,0 / 4.01,aci
solvent_60 / solvent_22,1 / 0,298.15,0 / 3.78,aci
solvent_60 / solvent_38,1 / 0,298.15,0 / 3.44,aci
solvent_60 / solvent_27,1 / 0,298.15,0 / 3.59,aci
solvent_60 / solvent_66,1 / 0,298.15,0 / 1.23,aci
solvent_60 / solvent_96,1 / 0,298.15,0 / 0.24,aci
solvent_60 / solvent_9,1 / 0,298.15,0 / 0.52,aci
solvent_60 / solvent_112,1 / 0,298.15,0 / 1.39,aci
solvent_60 / solvent_889,1 / 0,298.15,0 / 0.16,aci
solvent_60 / solvent_32,1 / 0,298.15,0 / 1.9,aci
solvent_60 / solvent_12,1 / 0,298.15,0 / 1.49,aci
solvent_60 / solvent_97,1 / 0,298.15,0 / 0.43,aci
solvent_60 / solvent_99,1 / 0,298.15,0 / 0.39,aci
solvent_60 / solvent_51,1 / 0,298.15,0 / 1.15,aci
solvent_60 / solvent_57,1 / 0,298.15,0 / 0.48,aci
solvent_60 / solvent_4,1 / 0,298.15,0 / 0.17,aci
solvent_60 / solvent_544,1 / 0,298.15,0 / 0.52,aci
solvent_60 / solvent_111,1 / 0,298.15,0 / 2.92,aci
solvent_60 / solvent_455,1 / 0,298.15,0 / 2.36,aci
solvent_60 / solvent_197,1 / 0,298.15,0 / 3.02,aci
solvent_60 / solvent_895,1 / 0,298.15,0 / 2.89,aci
solvent_60 / solvent_553,1 / 0,298.15,0 / 0.73,aci
solvent_60 / solvent_7,1 / 0,298.15,0 / 0.1,aci
solvent_848 / solvent_24,1 / 0,298.15,0 / -0.25,aci
solvent_848 / solvent_25,1 / 0,298.15,0 / -0.27,aci
solvent_848 / solvent_191,1 / 0,298.15,0 / -0.26,aci
solvent_848 / solvent_41,1 / 0,298.15,0 / -0.2,aci
solvent_848 / solvent_233,1 / 0,298.15,0 / -0.15,aci
solvent_848 / solvent_178,1 / 0,298.15,0 / -0.22,aci
solvent_848 / solvent_146,1 / 0,298.15,0 / -0.12,aci
solvent_250 / solvent_60,1 / 0,298.15,0 / 2.02,aci
solvent_250 / solvent_18,1 / 0,298.15,0 / 0.28,aci
solvent_250 / solvent_5,1 / 0,298.15,0 / 1.86,aci
solvent_250 / solvent_50,1 / 0,298.15,0 / 1.76,aci
solvent_250 / solvent_190,1 / 0,298.15,0 / 2.07,aci
solvent_250 / solvent_19,1 / 0,298.15,0 / 2.2,aci
solvent_250 / solvent_128,1 / 0,298.15,0 / 2.26,aci
solvent_250 / solvent_2,1 / 0,298.15,0 / 1.94,aci
solvent_250 / solvent_44,1 / 0,298.15,0 / 2.32,aci
solvent_250 / solvent_49,1 / 0,298.15,0 / 2.42,aci
solvent_250 / solvent_844,1 / 0,298.15,0 / 2.26,aci
solvent_250 / solvent_900,1 / 0,298.15,0 / 2.48,aci
solvent_250 / solvent_126,1 / 0,298.15,0 / 2.05,aci
solvent_250 / solvent_123,1 / 0,298.15,0 / 2.52,aci
solvent_250 / solvent_822,1 / 0,298.15,0 / 2.33,aci
solvent_250 / solvent_3,1 / 0,298.15,0 / 0.34,aci
solvent_250 / solvent_124,1 / 0,298.15,0 / 1.48,aci
solvent_250 / solvent_365,1 / 0,298.15,0 / 1.25,aci
solvent_250 / solvent_394,1 / 0,298.15,0 / 1.29,aci
solvent_250 / solvent_93,1 / 0,298.15,0 / 0.87,aci
solvent_250 / solvent_13,1 / 0,298.15,0 / 2.3,aci
solvent_250 / solvent_1,1 / 0,298.15,0 / 2.21,aci
solvent_250 / solvent_66,1 / 0,298.15,0 / 0.31,aci
solvent_250 / solvent_112,1 / 0,298.15,0 / -0.2,aci
solvent_250 / solvent_32,1 / 0,298.15,0 / 0.22,aci
solvent_250 / solvent_12,1 / 0,298.15,0 / 0.04,aci
solvent_250 / solvent_723,1 / 0,298.15,0 / 0.58,aci
solvent_250 / solvent_99,1 / 0,298.15,0 / 0.86,aci
solvent_250 / solvent_87,1 / 0,298.15,0 / -0.01,aci
solvent_250 / solvent_57,1 / 0,298.15,0 / 0.02,aci
solvent_250 / solvent_4,1 / 0,298.15,0 / 0.8,aci
solvent_250 / solvent_544,1 / 0,298.15,0 / 0.4,aci
solvent_250 / solvent_553,1 / 0,298.15,0 / 0.59,aci
solvent_250 / solvent_7,1 / 0,298.15,0 / 1.38,aci
solvent_250 / solvent_20,1 / 0,298.15,0 / 0.95,aci
solvent_197 / solvent_44,1 / 0,298.15,0 / 3.04,aci
solvent_197 / solvent_18,1 / 0,298.15,0 / 0.59,aci
solvent_197 / solvent_3,1 / 0,298.15,0 / 0.73,aci
solvent_197 / solvent_124,1 / 0,298.15,0 / 1.62,aci
solvent_197 / solvent_394,1 / 0,298.15,0 / 1.58,aci
solvent_197 / solvent_93,1 / 0,298.15,0 / 0.91,aci
solvent_197 / solvent_13,1 / 0,298.15,0 / 1.77,aci
solvent_197 / solvent_1,1 / 0,298.15,0 / 1.88,aci
solvent_197 / solvent_112,1 / 0,298.15,0 / -0.13,aci
solvent_197 / solvent_12,1 / 0,298.15,0 / -0.13,aci
solvent_197 / solvent_723,1 / 0,298.15,0 / 0.63,aci
solvent_197 / solvent_99,1 / 0,298.15,0 / 0.83,aci
solvent_197 / solvent_87,1 / 0,298.15,0 / -0.08,aci
solvent_197 / solvent_57,1 / 0,298.15,0 / 0,aci
solvent_197 / solvent_4,1 / 0,298.15,0 / 1.35,aci
solvent_197 / solvent_544,1 / 0,298.15,0 / 0.52,aci
solvent_197 / solvent_553,1 / 0,298.15,0 / 1.01,aci
solvent_197 / solvent_20,1 / 0,298.15,0 / 1.59,aci
solvent_40 / solvent_60,1 / 0,298.15,0 / 3.82,aci
solvent_40 / solvent_18,1 / 0,298.15,0 / 1.22,aci
solvent_40 / solvent_5,1 / 0,298.15,0 / 3.43,aci
solvent_40 / solvent_50,1 / 0,298.15,0 / 3.55,aci
solvent_40 / solvent_190,1 / 0,298.15,0 / 3.76,aci
solvent_40 / solvent_19,1 / 0,298.15,0 / 4.35,aci
solvent_40 / solvent_128,1 / 0,298.15,0 / 4.08,aci
solvent_40 / solvent_44,1 / 0,298.15,0 / 4.77,aci
solvent_40 / solvent_844,1 / 0,298.15,0 / 4.31,aci
solvent_40 / solvent_900,1 / 0,298.15,0 / 4.57,aci
solvent_40 / solvent_126,1 / 0,298.15,0 / 4.31,aci
solvent_40 / solvent_123,1 / 0,298.15,0 / 5.21,aci
solvent_40 / solvent_3,1 / 0,298.15,0 / 1.64,aci
solvent_40 / solvent_93,1 / 0,298.15,0 / 1.87,aci
solvent_40 / solvent_309,1 / 0,298.15,0 / 3.35,aci
solvent_40 / solvent_1,1 / 0,298.15,0 / 2.11,aci
solvent_40 / solvent_12,1 / 0,298.15,0 / 0.2,aci
solvent_40 / solvent_723,1 / 0,298.15,0 / 1.47,aci
solvent_40 / solvent_99,1 / 0,298.15,0 / 1.68,aci
solvent_40 / solvent_87,1 / 0,298.15,0 / 0.51,aci
solvent_40 / solvent_57,1 / 0,298.15,0 / 0.77,aci
solvent_40 / solvent_4,1 / 0,298.15,0 / 2.14,aci
solvent_40 / solvent_544,1 / 0,298.15,0 / 1.25,aci
solvent_40 / solvent_553,1 / 0,298.15,0 / 1.79,aci
solvent_40 / solvent_7,1 / 0,298.15,0 / 2.51,aci
solvent_40 / solvent_20,1 / 0,298.15,0 / 2.67,aci
solvent_13 / solvent_5,1 / 0,298.15,0 / 3.12,aci
solvent_13 / solvent_60,1 / 0,298.15,0 / 3.29,aci
solvent_13 / solvent_19,1 / 0,298.15,0 / 3.63,aci
solvent_13 / solvent_44,1 / 0,298.15,0 / 3.85,aci
solvent_13 / solvent_18,1 / 0,298.15,0 / 1.99,aci
solvent_13 / solvent_50,1 / 0,298.15,0 / 3.09,aci
solvent_13 / solvent_190,1 / 0,298.15,0 / 3.15,aci
solvent_13 / solvent_128,1 / 0,298.15,0 / 3.37,aci
solvent_13 / solvent_844,1 / 0,298.15,0 / 3.6,aci
solvent_13 / solvent_900,1 / 0,298.15,0 / 3.68,aci
solvent_13 / solvent_126,1 / 0,298.15,0 / 3.65,aci
solvent_13 / solvent_123,1 / 0,298.15,0 / 4.16,aci
solvent_13 / solvent_822,1 / 0,298.15,0 / 3.59,aci
solvent_13 / solvent_3,1 / 0,298.15,0 / 2.29,aci
solvent_13 / solvent_24,1 / 0,298.15,0 / 2.86,aci
solvent_13 / solvent_25,1 / 0,298.15,0 / 2.8,aci
solvent_13 / solvent_191,1 / 0,298.15,0 / 2.83,aci
solvent_13 / solvent_41,1 / 0,298.15,0 / 2.51,aci
solvent_133 / solvent_5,1 / 0,298.15,0 / 3.13,aci
solvent_133 / solvent_60,1 / 0,298.15,0 / 3.61,aci
solvent_133 / solvent_50,1 / 0,298.15,0 / 3.15,aci
solvent_133 / solvent_190,1 / 0,298.15,0 / 3.54,aci
solvent_133 / solvent_19,1 / 0,298.15,0 / 4.02,aci
solvent_133 / solvent_128,1 / 0,298.15,0 / 3.88,aci
solvent_133 / solvent_44,1 / 0,298.15,0 / 4.4,aci
solvent_133 / solvent_844,1 / 0,298.15,0 / 4.04,aci
solvent_133 / solvent_900,1 / 0,298.15,0 / 4.25,aci
solvent_133 / solvent_126,1 / 0,298.15,0 / 3.82,aci
solvent_133 / solvent_123,1 / 0,298.15,0 / 4.75,aci
solvent_843 / solvent_50,1 / 0,298.15,0 / 0.05,aci
solvent_795 / solvent_60,1 / 0,298.15,0 / 2.66,aci
solvent_795 / solvent_18,1 / 0,298.15,0 / 0.02,aci
solvent_795 / solvent_5,1 / 0,298.15,0 / 2.26,aci
solvent_795 / solvent_50,1 / 0,298.15,0 / 2.18,aci
solvent_795 / solvent_190,1 / 0,298.15,0 / 2.54,aci
solvent_795 / solvent_19,1 / 0,298.15,0 / 2.94,aci
solvent_795 / solvent_128,1 / 0,298.15,0 / 2.78,aci
solvent_795 / solvent_818,1 / 0,298.15,0 / 2.35,aci
solvent_795 / solvent_44,1 / 0,298.15,0 / 3.15,aci
solvent_795 / solvent_227,1 / 0,298.15,0 / 2.38,aci
solvent_795 / solvent_844,1 / 0,298.15,0 / 2.81,aci
solvent_795 / solvent_900,1 / 0,298.15,0 / 3.01,aci
solvent_795 / solvent_126,1 / 0,298.15,0 / 2.56,aci
solvent_795 / solvent_123,1 / 0,298.15,0 / 3.28,aci
solvent_795 / solvent_102,1 / 0,298.15,0 / 2.07,aci
solvent_795 / solvent_309,1 / 0,298.15,0 / 2.25,aci
solvent_795 / solvent_46,1 / 0,298.15,0 / 2.39,aci
solvent_795 / solvent_824,1 / 0,298.15,0 / 0.35,aci
solvent_795 / solvent_141,1 / 0,298.15,0 / 0.51,aci
solvent_795 / solvent_903,1 / 0,298.15,0 / 0.8,aci
solvent_795 / solvent_365,1 / 0,298.15,0 / 1.68,aci
solvent_795 / solvent_93,1 / 0,298.15,0 / 0.87,aci
solvent_123 / solvent_5,1 / 0,298.15,0 / -0.05,aci
solvent_123 / solvent_60,1 / 0,298.15,0 / 0.01,aci
solvent_123 / solvent_50,1 / 0,298.15,0 / -0.02,aci
solvent_123 / solvent_190,1 / 0,298.15,0 / 0.01,aci
solvent_123 / solvent_19,1 / 0,298.15,0 / 0.03,aci
solvent_123 / solvent_128,1 / 0,298.15,0 / 0.04,aci
solvent_123 / solvent_44,1 / 0,298.15,0 / 0.09,aci
solvent_123 / solvent_844,1 / 0,298.15,0 / 0.03,aci
solvent_123 / solvent_900,1 / 0,298.15,0 / 0.06,aci
solvent_123 / solvent_126,1 / 0,298.15,0 / 0.03,aci
solvent_123 / solvent_822,1 / 0,298.15,0 / 0.06,aci
solvent_869 / solvent_41,1 / 0,298.15,0 / 0.04,aci
solvent_869 / solvent_233,1 / 0,298.15,0 / 0.07,aci
solvent_869 / solvent_9,1 / 0,298.15,0 / 0.1,aci
solvent_869 / solvent_87,1 / 0,298.15,0 / 0.33,aci
solvent_869 / solvent_108,1 / 0,298.15,0 / 0.16,aci
solvent_869 / solvent_228,1 / 0,298.15,0 / 0.29,aci
solvent_44 / solvent_5,1 / 0,298.15,0 / -0.02,aci
solvent_44 / solvent_60,1 / 0,298.15,0 / 0.02,aci
solvent_44 / solvent_50,1 / 0,298.15,0 / 0.04,aci
solvent_44 / solvent_190,1 / 0,298.15,0 / 0.03,aci
solvent_44 / solvent_19,1 / 0,298.15,0 / 0.05,aci
solvent_44 / solvent_128,1 / 0,298.15,0 / 0.07,aci
solvent_44 / solvent_844,1 / 0,298.15,0 / 0.06,aci
solvent_44 / solvent_900,1 / 0,298.15,0 / 0.08,aci
solvent_44 / solvent_126,1 / 0,298.15,0 / 0.01,aci
solvent_44 / solvent_123,1 / 0,298.15,0 / 0.09,aci
solvent_44 / solvent_18,1 / 0,298.15,0 / 0.51,aci
solvent_44 / solvent_124,1 / 0,298.15,0 / -0.04,aci
solvent_44 / solvent_394,1 / 0,298.15,0 / -0.06,aci
solvent_44 / solvent_93,1 / 0,298.15,0 / -0.01,aci
solvent_44 / solvent_802,1 / 0,298.15,0 / 0.51,aci
solvent_44 / solvent_805,1 / 0,298.15,0 / 0.72,aci
solvent_44 / solvent_13,1 / 0,298.15,0 / 4.3,aci
solvent_44 / solvent_1,1 / 0,298.15,0 / 3.86,aci
solvent_44 / solvent_27,1 / 0,298.15,0 / 3.39,aci
solvent_44 / solvent_23,1 / 0,298.15,0 / 3.14,aci
solvent_44 / solvent_63,1 / 0,298.15,0 / 3.68,aci
solvent_44 / solvent_62,1 / 0,298.15,0 / 2.88,aci
solvent_44 / solvent_66,1 / 0,298.15,0 / 1.16,aci
solvent_44 / solvent_9,1 / 0,298.15,0 / 0.4,aci
solvent_44 / solvent_32,1 / 0,298.15,0 / 1.93,aci
solvent_44 / solvent_12,1 / 0,298.15,0 / 1.4,aci
solvent_44 / solvent_723,1 / 0,298.15,0 / 0.38,aci
solvent_44 / solvent_87,1 / 0,298.15,0 / 0.75,aci
solvent_44 / solvent_57,1 / 0,298.15,0 / 0.35,aci
solvent_44 / solvent_544,1 / 0,298.15,0 / 0.48,aci
solvent_44 / solvent_111,1 / 0,298.15,0 / 2.99,aci
solvent_44 / solvent_455,1 / 0,298.15,0 / 2.72,aci
solvent_44 / solvent_40,1 / 0,298.15,0 / 3.61,aci
solvent_44 / solvent_197,1 / 0,298.15,0 / 2.9,aci
solvent_44 / solvent_553,1 / 0,298.15,0 / 0.58,aci
solvent_44 / solvent_20,1 / 0,298.15,0 / 0.23,aci
solvent_74 / solvent_5,1 / 0,298.15,0 / 0.83,aci
solvent_74 / solvent_60,1 / 0,298.15,0 / 0.97,aci
solvent_74 / solvent_19,1 / 0,298.15,0 / 1.09,aci
solvent_74 / solvent_44,1 / 0,298.15,0 / 1.18,aci
solvent_74 / solvent_50,1 / 0,298.15,0 / 0.79,aci
solvent_74 / solvent_190,1 / 0,298.15,0 / 0.96,aci
solvent_74 / solvent_128,1 / 0,298.15,0 / 1.08,aci
solvent_74 / solvent_844,1 / 0,298.15,0 / 1.08,aci
solvent_74 / solvent_900,1 / 0,298.15,0 / 1.22,aci
solvent_74 / solvent_126,1 / 0,298.15,0 / 0.98,aci
solvent_74 / solvent_123,1 / 0,298.15,0 / 1.32,aci
solvent_74 / solvent_822,1 / 0,298.15,0 / 1.11,aci
solvent_74 / solvent_18,1 / 0,298.15,0 / 0.73,aci
solvent_74 / solvent_3,1 / 0,298.15,0 / 0.69,aci
solvent_74 / solvent_24,1 / 0,298.15,0 / 0.85,aci
solvent_74 / solvent_191,1 / 0,298.15,0 / 0.87,aci
solvent_74 / solvent_41,1 / 0,298.15,0 / 0.91,aci
solvent_74 / solvent_233,1 / 0,298.15,0 / 1.02,aci
solvent_74 / solvent_93,1 / 0,298.15,0 / 0.63,aci
solvent_74 / solvent_102,1 / 0,298.15,0 / 0.93,aci
solvent_74 / solvent_46,1 / 0,298.15,0 / 1.1,aci
solvent_74 / solvent_841,1 / 0,298.15,0 / 1.18,aci
solvent_803 / solvent_5,1 / 0,298.15,0 / 0.64,aci
solvent_803 / solvent_60,1 / 0,298.15,0 / 0.79,aci
solvent_803 / solvent_50,1 / 0,298.15,0 / 0.64,aci
solvent_803 / solvent_190,1 / 0,298.15,0 / 0.76,aci
solvent_803 / solvent_19,1 / 0,298.15,0 / 0.83,aci
solvent_803 / solvent_128,1 / 0,298.15,0 / 0.87,aci
solvent_803 / solvent_44,1 / 0,298.15,0 / 0.99,aci
solvent_803 / solvent_844,1 / 0,298.15,0 / 0.81,aci
solvent_803 / solvent_126,1 / 0,298.15,0 / 0.79,aci
solvent_803 / solvent_123,1 / 0,298.15,0 / 1.13,aci
solvent_803 / solvent_822,1 / 0,298.15,0 / 0.93,aci
solvent_803 / solvent_18,1 / 0,298.15,0 / -0.22,aci
solvent_803 / solvent_3,1 / 0,298.15,0 / -0.17,aci
solvent_803 / solvent_365,1 / 0,298.15,0 / 0.45,aci
solvent_803 / solvent_93,1 / 0,298.15,0 / 0.15,aci
solvent_803 / solvent_1,1 / 0,298.15,0 / 1.31,aci
solvent_803 / solvent_112,1 / 0,298.15,0 / -0.02,aci
solvent_803 / solvent_12,1 / 0,298.15,0 / -0.08,aci
solvent_813 / solvent_18,1 / 0,298.15,0 / 0.08,aci
solvent_77 / solvent_50,1 / 0,298.15,0 / 0.88,aci
solvent_5 / solvent_60,1 / 0,298.15,0 / 0.08,aci
solvent_5 / solvent_50,1 / 0,298.15,0 / 0.23,aci
solvent_5 / solvent_190,1 / 0,298.15,0 / -0.02,aci
solvent_5 / solvent_19,1 / 0,298.15,0 / 0.11,aci
solvent_5 / solvent_128,1 / 0,298.15,0 / 0.09,aci
solvent_5 / solvent_44,1 / 0,298.15,0 / 0.17,aci
solvent_5 / solvent_844,1 / 0,298.15,0 / 0.16,aci
solvent_5 / solvent_900,1 / 0,298.15,0 / 0.15,aci
solvent_5 / solvent_126,1 / 0,298.15,0 / 0.31,aci
solvent_5 / solvent_123,1 / 0,298.15,0 / 0.27,aci
solvent_5 / solvent_822,1 / 0,298.15,0 / 0.08,aci
solvent_5 / solvent_18,1 / 0,298.15,0 / 0.68,aci
solvent_5 / solvent_3,1 / 0,298.15,0 / 0.62,aci
solvent_5 / solvent_112,1 / 0,298.15,0 / 1.56,aci
solvent_5 / solvent_12,1 / 0,298.15,0 / 1.7,aci
solvent_5 / solvent_161,1 / 0,298.15,0 / 0.67,aci
solvent_5 / solvent_455,1 / 0,298.15,0 / 2.09,aci
solvent_17 / solvent_5,1 / 0,298.15,0 / 1.44,aci
solvent_17 / solvent_60,1 / 0,298.15,0 / 1.43,aci
solvent_17 / solvent_19,1 / 0,298.15,0 / 1.54,aci
solvent_17 / solvent_190,1 / 0,298.15,0 / 1.25,aci
solvent_17 / solvent_132,1 / 0,298.15,0 / 1.3,aci
solvent_17 / solvent_135,1 / 0,298.15,0 / 1.4,aci
solvent_17 / solvent_815,1 / 0,298.15,0 / 1.45,aci
solvent_17 / solvent_44,1 / 0,298.15,0 / 1.8,aci
solvent_17 / solvent_18,1 / 0,298.15,0 / 1.12,aci
solvent_17 / solvent_3,1 / 0,298.15,0 / 1.1,aci
solvent_22 / solvent_5,1 / 0,298.15,0 / 1.67,aci
solvent_22 / solvent_60,1 / 0,298.15,0 / 1.96,aci
solvent_22 / solvent_19,1 / 0,298.15,0 / 2.05,aci
solvent_22 / solvent_44,1 / 0,298.15,0 / 2.23,aci
solvent_22 / solvent_50,1 / 0,298.15,0 / 1.75,aci
solvent_22 / solvent_190,1 / 0,298.15,0 / 1.85,aci
solvent_22 / solvent_128,1 / 0,298.15,0 / 1.99,aci
solvent_22 / solvent_844,1 / 0,298.15,0 / 2.07,aci
solvent_22 / solvent_900,1 / 0,298.15,0 / 2.15,aci
solvent_22 / solvent_126,1 / 0,298.15,0 / 2.05,aci
solvent_22 / solvent_123,1 / 0,298.15,0 / 2.44,aci
solvent_22 / solvent_822,1 / 0,298.15,0 / 2.11,aci
solvent_22 / solvent_18,1 / 0,298.15,0 / 1.73,aci
solvent_22 / solvent_3,1 / 0,298.15,0 / 1.32,aci
solvent_22 / solvent_24,1 / 0,298.15,0 / 2.06,aci
solvent_22 / solvent_25,1 / 0,298.15,0 / 1.62,aci
solvent_22 / solvent_191,1 / 0,298.15,0 / 2.79,aci
solvent_829 / solvent_19,1 / 0,298.15,0 / -0.21,aci
solvent_902 / solvent_50,1 / 0,298.15,0 / -0.17,aci
solvent_902 / solvent_18,1 / 0,298.15,0 / 0.16,aci
solvent_859 / solvent_60,1 / 0,298.15,0 / 1,aci
solvent_859 / solvent_50,1 / 0,298.15,0 / 0.84,aci
solvent_859 / solvent_18,1 / 0,298.15,0 / -0.12,aci
solvent_859 / solvent_365,1 / 0,298.15,0 / 0.52,aci
solvent_859 / solvent_93,1 / 0,298.15,0 / 0.17,aci
solvent_852 / solvent_19,1 / 0,298.15,0 / 0.52,aci
solvent_863 / solvent_60,1 / 0,298.15,0 / 5.44,aci
solvent_863 / solvent_18,1 / 0,298.15,0 / 1.72,aci
solvent_888 / solvent_5,1 / 0,298.15,0 / 0.23,aci
solvent_888 / solvent_60,1 / 0,298.15,0 / 0.36,aci
solvent_888 / solvent_50,1 / 0,298.15,0 / 0.18,aci
solvent_888 / solvent_190,1 / 0,298.15,0 / 0.37,aci
solvent_888 / solvent_19,1 / 0,298.15,0 / 0.39,aci
solvent_888 / solvent_128,1 / 0,298.15,0 / 0.49,aci
solvent_888 / solvent_44,1 / 0,298.15,0 / 0.54,aci
solvent_888 / solvent_844,1 / 0,298.15,0 / 0.38,aci
solvent_888 / solvent_900,1 / 0,298.15,0 / 0.62,aci
solvent_888 / solvent_126,1 / 0,298.15,0 / 0.33,aci
solvent_888 / solvent_123,1 / 0,298.15,0 / 0.66,aci
solvent_888 / solvent_822,1 / 0,298.15,0 / 0.55,aci
solvent_888 / solvent_3,1 / 0,298.15,0 / -0.36,aci
solvent_888 / solvent_1,1 / 0,298.15,0 / 1.48,aci
solvent_888 / solvent_112,1 / 0,298.15,0 / 0.02,aci
solvent_888 / solvent_12,1 / 0,298.15,0 / -0.02,aci
solvent_774 / solvent_60,1 / 0,298.15,0 / 1.55,aci
solvent_774 / solvent_50,1 / 0,298.15,0 / 1.46,aci
solvent_774 / solvent_18,1 / 0,298.15,0 / 0.07,aci
solvent_774 / solvent_365,1 / 0,298.15,0 / 1.04,aci
solvent_774 / solvent_93,1 / 0,298.15,0 / 0.62,aci
solvent_801 / solvent_19,1 / 0,298.15,0 / 0.79,aci
solvent_711 / solvent_19,1 / 0,298.15,0 / 2.1,aci
solvent_895 / solvent_5,1 / 0,298.15,0 / 1.53,aci
solvent_895 / solvent_60,1 / 0,298.15,0 / 1.94,aci
solvent_895 / solvent_50,1 / 0,298.15,0 / 2.29,aci
solvent_895 / solvent_190,1 / 0,298.15,0 / 1.84,aci
solvent_895 / solvent_19,1 / 0,298.15,0 / 2.44,aci
solvent_895 / solvent_128,1 / 0,298.15,0 / 2.06,aci
solvent_895 / solvent_44,1 / 0,298.15,0 / 2.9,aci
solvent_895 / solvent_844,1 / 0,298.15,0 / 2.43,aci
solvent_895 / solvent_900,1 / 0,298.15,0 / 2.49,aci
solvent_895 / solvent_126,1 / 0,298.15,0 / 2.95,aci
solvent_895 / solvent_123,1 / 0,298.15,0 / 3.31,aci
solvent_907 / solvent_5,1 / 0,298.15,0 / 1.49,aci
solvent_907 / solvent_60,1 / 0,298.15,0 / 1.94,aci
solvent_907 / solvent_50,1 / 0,298.15,0 / 2.2,aci
solvent_907 / solvent_190,1 / 0,298.15,0 / 1.79,aci
solvent_907 / solvent_19,1 / 0,298.15,0 / 2.43,aci
solvent_907 / solvent_128,1 / 0,298.15,0 / 2.01,aci
solvent_907 / solvent_44,1 / 0,298.15,0 / 2.83,aci
solvent_907 / solvent_844,1 / 0,298.15,0 / 2.36,aci
solvent_907 / solvent_900,1 / 0,298.15,0 / 2.45,aci
solvent_907 / solvent_126,1 / 0,298.15,0 / 2.83,aci
solvent_907 / solvent_123,1 / 0,298.15,0 / 3.24,aci
solvent_856 / solvent_60,1 / 0,298.15,0 / 2.28,aci
solvent_856 / solvent_50,1 / 0,298.15,0 / 1.76,aci
solvent_856 / solvent_18,1 / 0,298.15,0 / 0.71,aci
solvent_100 / solvent_60,1 / 0,298.15,0 / 2.77,aci
solvent_100 / solvent_18,1 / 0,298.15,0 / 0.98,aci
solvent_100 / solvent_5,1 / 0,298.15,0 / 2.54,aci
solvent_100 / solvent_50,1 / 0,298.15,0 / 2.17,aci
solvent_100 / solvent_19,1 / 0,298.15,0 / 2.93,aci
solvent_100 / solvent_365,1 / 0,298.15,0 / 1.92,aci
solvent_100 / solvent_93,1 / 0,298.15,0 / 1.53,aci
solvent_825 / solvent_5,1 / 0,298.15,0 / 2.04,aci
solvent_825 / solvent_251,1 / 0,298.15,0 / 2.07,aci
solvent_825 / solvent_60,1 / 0,298.15,0 / 2.15,aci
solvent_825 / solvent_50,1 / 0,298.15,0 / 1.66,aci
solvent_825 / solvent_18,1 / 0,298.15,0 / 0.25,aci
solvent_825 / solvent_365,1 / 0,298.15,0 / 1.41,aci
solvent_825 / solvent_93,1 / 0,298.15,0 / 0.9,aci
solvent_145 / solvent_50,1 / 0,298.15,0 / 0.66,aci
solvent_145 / solvent_19,1 / 0,298.15,0 / 0.9,aci
solvent_111 / solvent_60,1 / 0,298.15,0 / 2.35,aci
solvent_111 / solvent_18,1 / 0,298.15,0 / 0.5,aci
solvent_111 / solvent_5,1 / 0,298.15,0 / 2.08,aci
solvent_111 / solvent_50,1 / 0,298.15,0 / 2.01,aci
solvent_111 / solvent_190,1 / 0,298.15,0 / 2.34,aci
solvent_111 / solvent_19,1 / 0,298.15,0 / 2.59,aci
solvent_111 / solvent_128,1 / 0,298.15,0 / 2.52,aci
solvent_111 / solvent_44,1 / 0,298.15,0 / 2.82,aci
solvent_111 / solvent_844,1 / 0,298.15,0 / 2.67,aci
solvent_111 / solvent_900,1 / 0,298.15,0 / 2.72,aci
solvent_111 / solvent_126,1 / 0,298.15,0 / 2.64,aci
solvent_111 / solvent_123,1 / 0,298.15,0 / 3.11,aci
solvent_111 / solvent_124,1 / 0,298.15,0 / 1.5,aci
solvent_111 / solvent_394,1 / 0,298.15,0 / 1.48,aci
solvent_111 / solvent_93,1 / 0,298.15,0 / 0.93,aci
solvent_111 / solvent_309,1 / 0,298.15,0 / 2.01,aci
solvent_111 / solvent_66,1 / 0,298.15,0 / 0.82,aci
solvent_111 / solvent_8,1 / 0,298.15,0 / 2.17,aci
solvent_111 / solvent_32,1 / 0,298.15,0 / 0.39,aci
solvent_111 / solvent_723,1 / 0,298.15,0 / 0.62,aci
solvent_111 / solvent_99,1 / 0,298.15,0 / 0.85,aci
solvent_111 / solvent_87,1 / 0,298.15,0 / -0.2,aci
solvent_111 / solvent_57,1 / 0,298.15,0 / -0.12,aci
solvent_111 / solvent_4,1 / 0,298.15,0 / 1.12,aci
solvent_111 / solvent_544,1 / 0,298.15,0 / 0.54,aci
solvent_111 / solvent_553,1 / 0,298.15,0 / 0.97,aci
solvent_111 / solvent_7,1 / 0,298.15,0 / 1.46,aci
solvent_111 / solvent_20,1 / 0,298.15,0 / 1.68,aci
solvent_862 / solvent_60,1 / 0,298.15,0 / 1.52,aci
solvent_862 / solvent_50,1 / 0,298.15,0 / 1.23,aci
solvent_862 / solvent_18,1 / 0,298.15,0 / 0.07,aci
solvent_862 / solvent_872,1 / 0,298.15,0 / 0.82,aci
solvent_862 / solvent_93,1 / 0,298.15,0 / 0.53,aci
solvent_862 / solvent_66,1 / 0,298.15,0 / 0.26,aci
solvent_862 / solvent_32,1 / 0,298.15,0 / 0.27,aci
solvent_862 / solvent_723,1 / 0,298.15,0 / 0.36,aci
solvent_862 / solvent_99,1 / 0,298.15,0 / 0.71,aci
solvent_862 / solvent_51,1 / 0,298.15,0 / -0.19,aci
solvent_862 / solvent_57,1 / 0,298.15,0 / -0.62,aci
solvent_862 / solvent_4,1 / 0,298.15,0 / 0.43,aci
solvent_862 / solvent_544,1 / 0,298.15,0 / 0.09,aci
solvent_862 / solvent_15,1 / 0,298.15,0 / 0.59,aci
solvent_862 / solvent_256,1 / 0,298.15,0 / 0.19,aci
solvent_862 / solvent_553,1 / 0,298.15,0 / 0.3,aci
solvent_96 / solvent_50,1 / 0,298.15,0 / 0.94,aci
solvent_96 / solvent_19,1 / 0,298.15,0 / 1.08,aci
solvent_96 / solvent_102,1 / 0,298.15,0 / 0.49,aci
solvent_96 / solvent_60,1 / 0,298.15,0 / 0.92,aci
solvent_96 / solvent_824,1 / 0,298.15,0 / -0.05,aci
solvent_96 / solvent_802,1 / 0,298.15,0 / 0.09,aci
solvent_96 / solvent_805,1 / 0,298.15,0 / 0.21,aci
solvent_814 / solvent_60,1 / 0,298.15,0 / 2.77,aci
solvent_814 / solvent_18,1 / 0,298.15,0 / 0.34,aci
solvent_722 / solvent_19,1 / 0,298.15,0 / 1.01,aci
solvent_725 / solvent_60,1 / 0,298.15,0 / 3.83,aci
solvent_725 / solvent_18,1 / 0,298.15,0 / 1.19,aci
solvent_725 / solvent_5,1 / 0,298.15,0 / 3.25,aci
solvent_725 / solvent_50,1 / 0,298.15,0 / 3.23,aci
solvent_725 / solvent_190,1 / 0,298.15,0 / 3.6,aci
solvent_725 / solvent_19,1 / 0,298.15,0 / 4.17,aci
solvent_725 / solvent_128,1 / 0,298.15,0 / 3.98,aci
solvent_725 / solvent_44,1 / 0,298.15,0 / 4.6,aci
solvent_725 / solvent_844,1 / 0,298.15,0 / 4.16,aci
solvent_725 / solvent_900,1 / 0,298.15,0 / 4.42,aci
solvent_725 / solvent_126,1 / 0,298.15,0 / 3.99,aci
solvent_725 / solvent_123,1 / 0,298.15,0 / 5.02,aci
solvent_725 / solvent_365,1 / 0,298.15,0 / 2.61,aci
solvent_725 / solvent_93,1 / 0,298.15,0 / 1.86,aci
solvent_72 / solvent_3,1 / 0,298.15,0 / 3.27,aci
solvent_25 / solvent_5,1 / 0,298.15,0 / 0.36,aci
solvent_25 / solvent_60,1 / 0,298.15,0 / 0.39,aci
solvent_25 / solvent_50,1 / 0,298.15,0 / 0.33,aci
solvent_25 / solvent_190,1 / 0,298.15,0 / 0.3,aci
solvent_25 / solvent_19,1 / 0,298.15,0 / 0.39,aci
solvent_25 / solvent_128,1 / 0,298.15,0 / 0.38,aci
solvent_25 / solvent_44,1 / 0,298.15,0 / 0.39,aci
solvent_25 / solvent_844,1 / 0,298.15,0 / 0.44,aci
solvent_25 / solvent_900,1 / 0,298.15,0 / 0.51,aci
solvent_25 / solvent_126,1 / 0,298.15,0 / 0.35,aci
solvent_25 / solvent_123,1 / 0,298.15,0 / 0.39,aci
solvent_25 / solvent_18,1 / 0,298.15,0 / 0.03,aci
solvent_25 / solvent_3,1 / 0,298.15,0 / -0.03,aci
solvent_25 / solvent_124,1 / 0,298.15,0 / 0.22,aci
solvent_25 / solvent_394,1 / 0,298.15,0 / 0.17,aci
solvent_25 / solvent_93,1 / 0,298.15,0 / 0.03,aci
solvent_25 / solvent_1,1 / 0,298.15,0 / 2.75,aci
solvent_25 / solvent_66,1 / 0,298.15,0 / 0.28,aci
solvent_25 / solvent_112,1 / 0,298.15,0 / 0.22,aci
solvent_25 / solvent_32,1 / 0,298.15,0 / 0.74,aci
solvent_25 / solvent_12,1 / 0,298.15,0 / 0.35,aci
solvent_25 / solvent_723,1 / 0,298.15,0 / 0.03,aci
solvent_25 / solvent_99,1 / 0,298.15,0 / 0.22,aci
solvent_25 / solvent_87,1 / 0,298.15,0 / -0.16,aci
solvent_25 / solvent_4,1 / 0,298.15,0 / -0.07,aci
solvent_25 / solvent_544,1 / 0,298.15,0 / 0,aci
solvent_25 / solvent_553,1 / 0,298.15,0 / 0.03,aci
solvent_25 / solvent_7,1 / 0,298.15,0 / 0.08,aci
solvent_25 / solvent_20,1 / 0,298.15,0 / 0.07,aci
solvent_117 / solvent_60,1 / 0,298.15,0 / 1.81,aci
solvent_117 / solvent_18,1 / 0,298.15,0 / 0.18,aci
solvent_117 / solvent_5,1 / 0,298.15,0 / 1.7,aci
solvent_117 / solvent_50,1 / 0,298.15,0 / 1.47,aci
solvent_117 / solvent_190,1 / 0,298.15,0 / 1.84,aci
solvent_117 / solvent_19,1 / 0,298.15,0 / 1.94,aci
solvent_117 / solvent_128,1 / 0,298.15,0 / 2.01,aci
solvent_117 / solvent_44,1 / 0,298.15,0 / 2.11,aci
solvent_117 / solvent_844,1 / 0,298.15,0 / 2.01,aci
solvent_117 / solvent_900,1 / 0,298.15,0 / 2.11,aci
solvent_117 / solvent_126,1 / 0,298.15,0 / 1.8,aci
solvent_117 / solvent_123,1 / 0,298.15,0 / 2.22,aci
solvent_117 / solvent_822,1 / 0,298.15,0 / 2.05,aci
solvent_117 / solvent_113,1 / 0,298.15,0 / 2.26,aci
solvent_117 / solvent_244,1 / 0,298.15,0 / 2.32,aci
solvent_117 / solvent_3,1 / 0,298.15,0 / 0.35,aci
solvent_117 / solvent_24,1 / 0,298.15,0 / 0.43,aci
solvent_117 / solvent_25,1 / 0,298.15,0 / 0.44,aci
solvent_117 / solvent_191,1 / 0,298.15,0 / 0.34,aci
solvent_117 / solvent_41,1 / 0,298.15,0 / 0.36,aci
solvent_117 / solvent_124,1 / 0,298.15,0 / 1.36,aci
solvent_117 / solvent_176,1 / 0,298.15,0 / 0.91,aci
solvent_117 / solvent_309,1 / 0,298.15,0 / 1.27,aci
solvent_117 / solvent_141,1 / 0,298.15,0 / 0.44,aci
solvent_117 / solvent_1,1 / 0,298.15,0 / -0.22,aci
solvent_117 / solvent_6,1 / 0,298.15,0 / 0.14,aci
solvent_117 / solvent_434,1 / 0,298.15,0 / 0.11,aci
solvent_117 / solvent_9,1 / 0,298.15,0 / -0.07,aci
solvent_117 / solvent_112,1 / 0,298.15,0 / -0.04,aci
solvent_117 / solvent_32,1 / 0,298.15,0 / 0.17,aci
solvent_117 / solvent_12,1 / 0,298.15,0 / -0.03,aci
solvent_117 / solvent_97,1 / 0,298.15,0 / 0.43,aci
solvent_117 / solvent_823,1 / 0,298.15,0 / -0.07,aci
solvent_117 / solvent_833,1 / 0,298.15,0 / 0.3,aci
solvent_117 / solvent_15,1 / 0,298.15,0 / 0.38,aci
solvent_186 / solvent_50,1 / 0,298.15,0 / 0.9,aci
solvent_154 / solvent_5,1 / 0,298.15,0 / 1.44,aci
solvent_154 / solvent_136,1 / 0,298.15,0 / 0.8,aci
solvent_154 / solvent_60,1 / 0,298.15,0 / 1.71,aci
solvent_154 / solvent_50,1 / 0,298.15,0 / 1.25,aci
solvent_154 / solvent_19,1 / 0,298.15,0 / 1.58,aci
solvent_154 / solvent_18,1 / 0,298.15,0 / 0.15,aci
solvent_154 / solvent_872,1 / 0,298.15,0 / 1.03,aci
solvent_154 / solvent_93,1 / 0,298.15,0 / 0.89,aci
solvent_154 / solvent_13,1 / 0,298.15,0 / -0.27,aci
solvent_154 / solvent_66,1 / 0,298.15,0 / 0.4,aci
solvent_154 / solvent_32,1 / 0,298.15,0 / 0.41,aci
solvent_154 / solvent_723,1 / 0,298.15,0 / 0.26,aci
solvent_154 / solvent_99,1 / 0,298.15,0 / 0.52,aci
solvent_154 / solvent_51,1 / 0,298.15,0 / -0.08,aci
solvent_154 / solvent_57,1 / 0,298.15,0 / -0.76,aci
solvent_154 / solvent_4,1 / 0,298.15,0 / 0.36,aci
solvent_154 / solvent_544,1 / 0,298.15,0 / 0.24,aci
solvent_154 / solvent_15,1 / 0,298.15,0 / 0.76,aci
solvent_154 / solvent_256,1 / 0,298.15,0 / 0.22,aci
solvent_154 / solvent_553,1 / 0,298.15,0 / 0.44,aci
solvent_154 / solvent_7,1 / 0,298.15,0 / 0.19,aci
solvent_804 / solvent_19,1 / 0,298.15,0 / 0.77,aci
solvent_831 / solvent_5,1 / 0,298.15,0 / -0.48,aci
solvent_831 / solvent_136,1 / 0,298.15,0 / -0.73,aci
solvent_831 / solvent_251,1 / 0,298.15,0 / -0.46,aci
solvent_831 / solvent_60,1 / 0,298.15,0 / -0.44,aci
solvent_831 / solvent_50,1 / 0,298.15,0 / -0.65,aci
solvent_831 / solvent_190,1 / 0,298.15,0 / -0.4,aci
solvent_831 / solvent_132,1 / 0,298.15,0 / -0.45,aci
solvent_831 / solvent_234,1 / 0,298.15,0 / -0.6,aci
solvent_831 / solvent_135,1 / 0,298.15,0 / -0.45,aci
solvent_831 / solvent_815,1 / 0,298.15,0 / -0.46,aci
solvent_831 / solvent_19,1 / 0,298.15,0 / -0.38,aci
solvent_831 / solvent_887,1 / 0,298.15,0 / -0.36,aci
solvent_831 / solvent_866,1 / 0,298.15,0 / -0.34,aci
solvent_831 / solvent_128,1 / 0,298.15,0 / -0.33,aci
solvent_831 / solvent_892,1 / 0,298.15,0 / -0.43,aci
solvent_831 / solvent_2,1 / 0,298.15,0 / -0.63,aci
solvent_831 / solvent_44,1 / 0,298.15,0 / -0.34,aci
solvent_831 / solvent_49,1 / 0,298.15,0 / -0.33,aci
solvent_831 / solvent_126,1 / 0,298.15,0 / -0.58,aci
solvent_831 / solvent_123,1 / 0,298.15,0 / -0.29,aci
solvent_831 / solvent_18,1 / 0,298.15,0 / -0.35,aci
solvent_831 / solvent_3,1 / 0,298.15,0 / -0.34,aci
solvent_831 / solvent_24,1 / 0,298.15,0 / -0.27,aci
solvent_831 / solvent_25,1 / 0,298.15,0 / -0.29,aci
solvent_831 / solvent_191,1 / 0,298.15,0 / -0.27,aci
solvent_831 / solvent_41,1 / 0,298.15,0 / -0.25,aci
solvent_831 / solvent_124,1 / 0,298.15,0 / -0.48,aci
solvent_831 / solvent_799,1 / 0,298.15,0 / -0.48,aci
solvent_831 / solvent_102,1 / 0,298.15,0 / -0.45,aci
solvent_831 / solvent_176,1 / 0,298.15,0 / -0.65,aci
solvent_831 / solvent_309,1 / 0,298.15,0 / -0.4,aci
solvent_831 / solvent_46,1 / 0,298.15,0 / -0.34,aci
solvent_831 / solvent_13,1 / 0,298.15,0 / 3.66,aci
solvent_831 / solvent_1,1 / 0,298.15,0 / 3.26,aci
solvent_831 / solvent_22,1 / 0,298.15,0 / 3.04,aci
solvent_831 / solvent_38,1 / 0,298.15,0 / 2.83,aci
solvent_831 / solvent_27,1 / 0,298.15,0 / 3.03,aci
solvent_831 / solvent_63,1 / 0,298.15,0 / 2.88,aci
solvent_831 / solvent_11,1 / 0,298.15,0 / 0.83,aci
solvent_831 / solvent_66,1 / 0,298.15,0 / 0.67,aci
solvent_831 / solvent_9,1 / 0,298.15,0 / -0.26,aci
solvent_831 / solvent_8,1 / 0,298.15,0 / -0.27,aci
solvent_831 / solvent_32,1 / 0,298.15,0 / 1.28,aci
solvent_831 / solvent_12,1 / 0,298.15,0 / 0.94,aci
solvent_831 / solvent_4,1 / 0,298.15,0 / -0.33,aci
solvent_831 / solvent_15,1 / 0,298.15,0 / 2.84,aci
solvent_911 / solvent_60,1 / 0,298.15,0 / 5.68,aci
solvent_911 / solvent_18,1 / 0,298.15,0 / 2.15,aci
solvent_229 / solvent_60,1 / 0,298.15,0 / 4.22,aci
solvent_229 / solvent_18,1 / 0,298.15,0 / 0.88,aci
solvent_229 / solvent_50,1 / 0,298.15,0 / 3.51,aci
solvent_229 / solvent_234,1 / 0,298.15,0 / 3.54,aci
solvent_229 / solvent_19,1 / 0,298.15,0 / 4.37,aci
solvent_229 / solvent_2,1 / 0,298.15,0 / 3.86,aci
solvent_229 / solvent_49,1 / 0,298.15,0 / 4.36,aci
solvent_229 / solvent_3,1 / 0,298.15,0 / 1.34,aci
solvent_834 / solvent_60,1 / 0,298.15,0 / 5.68,aci
solvent_834 / solvent_18,1 / 0,298.15,0 / 2.15,aci
solvent_870 / solvent_60,1 / 0,298.15,0 / 4.61,aci
solvent_870 / solvent_18,1 / 0,298.15,0 / 0.79,aci
solvent_85 / solvent_60,1 / 0,298.15,0 / 0.22,aci
solvent_85 / solvent_815,1 / 0,298.15,0 / 0.18,aci
solvent_85 / solvent_44,1 / 0,298.15,0 / 0.36,aci
solvent_4 / solvent_5,1 / 0,298.15,0 / 0.26,aci
solvent_4 / solvent_136,1 / 0,298.15,0 / 0.05,aci
solvent_4 / solvent_60,1 / 0,298.15,0 / 0.27,aci
solvent_4 / solvent_50,1 / 0,298.15,0 / 0.07,aci
solvent_4 / solvent_190,1 / 0,298.15,0 / 0.31,aci
solvent_4 / solvent_19,1 / 0,298.15,0 / 0.29,aci
solvent_4 / solvent_128,1 / 0,298.15,0 / 0.34,aci
solvent_4 / solvent_818,1 / 0,298.15,0 / 0.13,aci
solvent_4 / solvent_44,1 / 0,298.15,0 / 0.25,aci
solvent_4 / solvent_227,1 / 0,298.15,0 / 0.15,aci
solvent_4 / solvent_844,1 / 0,298.15,0 / 0.28,aci
solvent_4 / solvent_900,1 / 0,298.15,0 / 0.32,aci
solvent_4 / solvent_126,1 / 0,298.15,0 / 0.19,aci
solvent_4 / solvent_123,1 / 0,298.15,0 / 0.26,aci
solvent_4 / solvent_822,1 / 0,298.15,0 / 0.24,aci
solvent_4 / solvent_886,1 / 0,298.15,0 / 0.17,aci
solvent_4 / solvent_18,1 / 0,298.15,0 / 0.06,aci
solvent_4 / solvent_3,1 / 0,298.15,0 / 0.02,aci
solvent_4 / solvent_93,1 / 0,298.15,0 / 0,aci
solvent_4 / solvent_1,1 / 0,298.15,0 / 3.33,aci
solvent_4 / solvent_22,1 / 0,298.15,0 / 3.16,aci
solvent_4 / solvent_27,1 / 0,298.15,0 / 2.8,aci
solvent_4 / solvent_23,1 / 0,298.15,0 / 2.67,aci
solvent_4 / solvent_63,1 / 0,298.15,0 / 2.87,aci
solvent_4 / solvent_62,1 / 0,298.15,0 / 2.75,aci
solvent_4 / solvent_112,1 / 0,298.15,0 / 0.22,aci
solvent_4 / solvent_32,1 / 0,298.15,0 / 1.14,aci
solvent_4 / solvent_12,1 / 0,298.15,0 / 0.78,aci
solvent_4 / solvent_472,1 / 0,298.15,0 / 1.06,aci
solvent_4 / solvent_77,1 / 0,298.15,0 / 0.53,aci
solvent_4 / solvent_723,1 / 0,298.15,0 / 0.23,aci
solvent_4 / solvent_87,1 / 0,298.15,0 / 0.45,aci
solvent_4 / solvent_57,1 / 0,298.15,0 / 0.15,aci
solvent_4 / solvent_544,1 / 0,298.15,0 / 0.22,aci
solvent_4 / solvent_111,1 / 0,298.15,0 / 1.94,aci
solvent_4 / solvent_366,1 / 0,298.15,0 / 1.61,aci
solvent_4 / solvent_553,1 / 0,298.15,0 / 0.29,aci
solvent_4 / solvent_7,1 / 0,298.15,0 / -0.37,aci
solvent_4 / solvent_20,1 / 0,298.15,0 / 0.19,aci
solvent_854 / solvent_5,1 / 0,298.15,0 / 1.39,aci
solvent_854 / solvent_60,1 / 0,298.15,0 / 1.56,aci
solvent_854 / solvent_19,1 / 0,298.15,0 / 1.76,aci
solvent_854 / solvent_44,1 / 0,298.15,0 / 1.94,aci
solvent_9 / solvent_5,1 / 0,298.15,0 / 0.66,aci
solvent_9 / solvent_60,1 / 0,298.15,0 / 0.74,aci
solvent_9 / solvent_50,1 / 0,298.15,0 / 0.59,aci
solvent_9 / solvent_190,1 / 0,298.15,0 / 0.73,aci
solvent_9 / solvent_19,1 / 0,298.15,0 / 0.83,aci
solvent_9 / solvent_128,1 / 0,298.15,0 / 0.74,aci
solvent_9 / solvent_44,1 / 0,298.15,0 / 0.75,aci
solvent_9 / solvent_844,1 / 0,298.15,0 / 0.78,aci
solvent_9 / solvent_900,1 / 0,298.15,0 / 0.79,aci
solvent_9 / solvent_126,1 / 0,298.15,0 / 0.73,aci
solvent_9 / solvent_123,1 / 0,298.15,0 / 0.84,aci
solvent_9 / solvent_3,1 / 0,298.15,0 / -0.2,aci
solvent_9 / solvent_124,1 / 0,298.15,0 / 0.2,aci
solvent_9 / solvent_112,1 / 0,298.15,0 / 0.12,aci
solvent_9 / solvent_56,1 / 0,298.15,0 / 0.12,aci
solvent_9 / solvent_115,1 / 0,298.15,0 / 0.17,aci
solvent_9 / solvent_7,1 / 0,298.15,0 / 0.36,aci
solvent_201 / solvent_60,1 / 0,298.15,0 / 2.71,aci
solvent_201 / solvent_18,1 / 0,298.15,0 / 0.79,aci
solvent_83 / solvent_60,1 / 0,298.15,0 / 0.64,aci
solvent_83 / solvent_50,1 / 0,298.15,0 / 0.31,aci
solvent_83 / solvent_19,1 / 0,298.15,0 / 0.63,aci
solvent_83 / solvent_18,1 / 0,298.15,0 / -0.04,aci
solvent_83 / solvent_102,1 / 0,298.15,0 / 0.4,aci
solvent_83 / solvent_176,1 / 0,298.15,0 / 0.11,aci
solvent_83 / solvent_838,1 / 0,298.15,0 / -0.02,aci
solvent_83 / solvent_820,1 / 0,298.15,0 / -0.09,aci
solvent_83 / solvent_309,1 / 0,298.15,0 / 0.42,aci
solvent_83 / solvent_824,1 / 0,298.15,0 / 0.19,aci
solvent_83 / solvent_141,1 / 0,298.15,0 / 0.22,aci
solvent_808 / solvent_19,1 / 0,298.15,0 / 1.2,aci
solvent_807 / solvent_19,1 / 0,298.15,0 / 1.3,aci
solvent_819 / solvent_19,1 / 0,298.15,0 / 1.2,aci
solvent_882 / solvent_60,1 / 0,298.15,0 / 4.5,aci
solvent_882 / solvent_50,1 / 0,298.15,0 / 4.02,aci
solvent_882 / solvent_234,1 / 0,298.15,0 / 4.03,aci
solvent_882 / solvent_19,1 / 0,298.15,0 / 4.91,aci
solvent_882 / solvent_2,1 / 0,298.15,0 / 4.4,aci
solvent_882 / solvent_49,1 / 0,298.15,0 / 4.84,aci
solvent_882 / solvent_18,1 / 0,298.15,0 / 2.17,aci
solvent_882 / solvent_3,1 / 0,298.15,0 / 2.73,aci
solvent_858 / solvent_136,1 / 0,298.15,0 / 3.37,aci
solvent_858 / solvent_60,1 / 0,298.15,0 / 4.65,aci
solvent_858 / solvent_50,1 / 0,298.15,0 / 3.8,aci
solvent_858 / solvent_190,1 / 0,298.15,0 / 4.63,aci
solvent_858 / solvent_132,1 / 0,298.15,0 / 4.51,aci
solvent_858 / solvent_234,1 / 0,298.15,0 / 3.89,aci
solvent_858 / solvent_135,1 / 0,298.15,0 / 4.45,aci
solvent_858 / solvent_19,1 / 0,298.15,0 / 5.05,aci
solvent_858 / solvent_49,1 / 0,298.15,0 / 5.25,aci
solvent_858 / solvent_18,1 / 0,298.15,0 / 1.22,aci
solvent_858 / solvent_102,1 / 0,298.15,0 / 3.78,aci
solvent_858 / solvent_176,1 / 0,298.15,0 / 2.88,aci
solvent_858 / solvent_66,1 / 0,298.15,0 / 1.28,aci
solvent_858 / solvent_8,1 / 0,298.15,0 / 2.17,aci
solvent_858 / solvent_32,1 / 0,298.15,0 / 0.39,aci
solvent_3 / solvent_5,1 / 0,298.15,0 / 0.51,aci
solvent_3 / solvent_60,1 / 0,298.15,0 / 0.57,aci
solvent_3 / solvent_50,1 / 0,298.15,0 / 0.44,aci
solvent_3 / solvent_190,1 / 0,298.15,0 / 0.58,aci
solvent_3 / solvent_234,1 / 0,298.15,0 / 0.43,aci
solvent_3 / solvent_19,1 / 0,298.15,0 / 0.52,aci
solvent_3 / solvent_128,1 / 0,298.15,0 / 0.63,aci
solvent_3 / solvent_2,1 / 0,298.15,0 / 0.35,aci
solvent_3 / solvent_44,1 / 0,298.15,0 / 0.55,aci
solvent_3 / solvent_227,1 / 0,298.15,0 / 0.44,aci
solvent_3 / solvent_844,1 / 0,298.15,0 / 0.59,aci
solvent_3 / solvent_900,1 / 0,298.15,0 / 0.65,aci
solvent_3 / solvent_126,1 / 0,298.15,0 / 0.5,aci
solvent_3 / solvent_123,1 / 0,298.15,0 / 0.58,aci
solvent_3 / solvent_822,1 / 0,298.15,0 / 0.59,aci
solvent_3 / solvent_18,1 / 0,298.15,0 / -0.01,aci
solvent_3 / solvent_124,1 / 0,298.15,0 / 0.36,aci
solvent_3 / solvent_394,1 / 0,298.15,0 / 0.31,aci
solvent_3 / solvent_93,1 / 0,298.15,0 / 0.17,aci
solvent_3 / solvent_102,1 / 0,298.15,0 / 0.29,aci
solvent_3 / solvent_13,1 / 0,298.15,0 / 3.03,aci
solvent_3 / solvent_1,1 / 0,298.15,0 / 2.77,aci
solvent_3 / solvent_66,1 / 0,298.15,0 / 0.24,aci
solvent_3 / solvent_112,1 / 0,298.15,0 / 0.14,aci
solvent_3 / solvent_8,1 / 0,298.15,0 / 0.01,aci
solvent_3 / solvent_32,1 / 0,298.15,0 / 0.7,aci
solvent_3 / solvent_12,1 / 0,298.15,0 / 0.31,aci
solvent_3 / solvent_117,1 / 0,298.15,0 / 2.99,aci
solvent_3 / solvent_723,1 / 0,298.15,0 / 0.05,aci
solvent_3 / solvent_99,1 / 0,298.15,0 / 0.17,aci
solvent_3 / solvent_87,1 / 0,298.15,0 / -0.14,aci
solvent_3 / solvent_57,1 / 0,298.15,0 / -0.4,aci
solvent_3 / solvent_4,1 / 0,298.15,0 / 0.02,aci
solvent_3 / solvent_544,1 / 0,298.15,0 / -0.02,aci
solvent_3 / solvent_111,1 / 0,298.15,0 / 0.96,aci
solvent_3 / solvent_553,1 / 0,298.15,0 / 0.06,aci
solvent_3 / solvent_7,1 / 0,298.15,0 / 0.19,aci
solvent_3 / solvent_20,1 / 0,298.15,0 / 0.23,aci
solvent_759 / solvent_60,1 / 0,298.15,0 / 0.63,aci
solvent_759 / solvent_50,1 / 0,298.15,0 / 0.35,aci
solvent_759 / solvent_19,1 / 0,298.15,0 / 0.66,aci
solvent_759 / solvent_44,1 / 0,298.15,0 / 0.96,aci
solvent_759 / solvent_18,1 / 0,298.15,0 / -0.45,aci
solvent_797 / solvent_13,1 / 0,298.15,0 / 0.65,aci
solvent_797 / solvent_1,1 / 0,298.15,0 / 0.68,aci
solvent_797 / solvent_22,1 / 0,298.15,0 / 0.65,aci
solvent_797 / solvent_27,1 / 0,298.15,0 / 0.78,aci
solvent_797 / solvent_11,1 / 0,298.15,0 / -0.09,aci
solvent_797 / solvent_66,1 / 0,298.15,0 / -0.05,aci
solvent_797 / solvent_96,1 / 0,298.15,0 / 0.03,aci
solvent_797 / solvent_6,1 / 0,298.15,0 / 0.16,aci
solvent_7 / solvent_5,1 / 0,298.15,0 / 0,aci
solvent_7 / solvent_60,1 / 0,298.15,0 / 0.03,aci
solvent_7 / solvent_50,1 / 0,298.15,0 / 0.12,aci
solvent_7 / solvent_190,1 / 0,298.15,0 / 0.04,aci
solvent_7 / solvent_19,1 / 0,298.15,0 / 0.08,aci
solvent_7 / solvent_128,1 / 0,298.15,0 / 0.04,aci
solvent_7 / solvent_44,1 / 0,298.15,0 / 0.04,aci
solvent_7 / solvent_844,1 / 0,298.15,0 / 0.09,aci
solvent_7 / solvent_900,1 / 0,298.15,0 / 0.13,aci
solvent_7 / solvent_126,1 / 0,298.15,0 / 0.09,aci
solvent_7 / solvent_123,1 / 0,298.15,0 / 0.13,aci
solvent_7 / solvent_3,1 / 0,298.15,0 / 0.19,aci
solvent_7 / solvent_1,1 / 0,298.15,0 / 0.67,aci
solvent_7 / solvent_112,1 / 0,298.15,0 / 0.92,aci
solvent_7 / solvent_12,1 / 0,298.15,0 / 1.07,aci
solvent_216 / solvent_60,1 / 0,298.15,0 / 4.14,aci
solvent_216 / solvent_50,1 / 0,298.15,0 / 3.43,aci
solvent_216 / solvent_19,1 / 0,298.15,0 / 4.59,aci
solvent_216 / solvent_2,1 / 0,298.15,0 / 3.85,aci
solvent_216 / solvent_44,1 / 0,298.15,0 / 4.96,aci
solvent_216 / solvent_49,1 / 0,298.15,0 / 4.76,aci
solvent_216 / solvent_126,1 / 0,298.15,0 / 4.21,aci
solvent_216 / solvent_123,1 / 0,298.15,0 / 5.34,aci
solvent_216 / solvent_18,1 / 0,298.15,0 / 1.48,aci
solvent_216 / solvent_3,1 / 0,298.15,0 / 1.79,aci
solvent_216 / solvent_24,1 / 0,298.15,0 / 2.29,aci
solvent_216 / solvent_25,1 / 0,298.15,0 / 2.29,aci
solvent_216 / solvent_191,1 / 0,298.15,0 / 2.16,aci
solvent_216 / solvent_41,1 / 0,298.15,0 / 2.23,aci
solvent_216 / solvent_233,1 / 0,298.15,0 / 2.67,aci
solvent_216 / solvent_146,1 / 0,298.15,0 / 2.62,aci
solvent_216 / solvent_875,1 / 0,298.15,0 / 3.43,aci
solvent_216 / solvent_176,1 / 0,298.15,0 / 2.75,aci
solvent_216 / solvent_309,1 / 0,298.15,0 / 3.9,aci
solvent_216 / solvent_46,1 / 0,298.15,0 / 4.31,aci
solvent_216 / solvent_904,1 / 0,298.15,0 / 4.17,aci
solvent_806 / solvent_5,1 / 0,298.15,0 / 3.17,aci
solvent_806 / solvent_60,1 / 0,298.15,0 / 3.75,aci
solvent_806 / solvent_50,1 / 0,298.15,0 / 3.67,aci
solvent_806 / solvent_190,1 / 0,298.15,0 / 3.56,aci
solvent_806 / solvent_19,1 / 0,298.15,0 / 4.23,aci
solvent_806 / solvent_128,1 / 0,298.15,0 / 3.85,aci
solvent_806 / solvent_44,1 / 0,298.15,0 / 4.73,aci
solvent_806 / solvent_844,1 / 0,298.15,0 / 4.2,aci
solvent_806 / solvent_900,1 / 0,298.15,0 / 4.33,aci
solvent_806 / solvent_126,1 / 0,298.15,0 / 4.47,aci
solvent_806 / solvent_123,1 / 0,298.15,0 / 5.2,aci
solvent_828 / solvent_136,1 / 0,298.15,0 / 2.53,aci
solvent_828 / solvent_60,1 / 0,298.15,0 / 3.52,aci
solvent_828 / solvent_50,1 / 0,298.15,0 / 2.94,aci
solvent_828 / solvent_234,1 / 0,298.15,0 / 2.98,aci
solvent_828 / solvent_19,1 / 0,298.15,0 / 3.86,aci
solvent_828 / solvent_2,1 / 0,298.15,0 / 3.3,aci
solvent_828 / solvent_49,1 / 0,298.15,0 / 3.97,aci
solvent_828 / solvent_18,1 / 0,298.15,0 / 0.83,aci
solvent_828 / solvent_3,1 / 0,298.15,0 / 1.16,aci